"Years";"Weeks";"Gross margin 1 - Dema MTA";"Compare range: Gross margin 1 - Dema MTA";"Gross margin 2 - Dema MTA";"Compare range: Gross margin 2 - Dema MTA";"Net gross margin 1 - Dema MTA";"Compare range: Net gross margin 1 - Dema MTA";"Net gross margin 2 - Dema MTA";"Compare range: Net gross margin 2 - Dema MTA"
"2021";"Week 35, 2021";"0.8257272626978998";"0";"0.6676081754678069";"0";"0.8386832144245893";"0";"0.4649855336439106";"0"
"2021";"Week 36, 2021";"0.8069983371596312";"0";"0.6639556624558617";"0";"0.8358634200448912";"0";"0.6194687687724033";"0"
"2021";"Week 37, 2021";"0.8632043646898482";"0";"0.7151233664038965";"0";"0.8635705668639023";"0";"0.6810695808709515";"0"
"2021";"Week 38, 2021";"0.7866300779345274";"0";"0.6720108865658991";"0";"0.8051824129410016";"0";"0.5680402989193776";"0"
"2021";"Week 39, 2021";"0.8245848622624014";"0";"0.6724079684560409";"0";"0.8223308206466029";"0";"0.5124196474782095";"0"
"2021";"Week 40, 2021";"0.8682132707132159";"0";"0.7110525886856104";"0";"0.8632400436599862";"0";"0.4990313948506594";"0"
"2021";"Week 41, 2021";"0.7776242617859153";"0";"0.653058914270147";"0";"0.779443399467797";"0";"0.5245135573935662";"0"
"2021";"Week 42, 2021";"0.8110490402124841";"0";"0.6820893865321985";"0";"0.8194636084158331";"0";"0.6148056532006257";"0"
"2021";"Week 43, 2021";"0.23689721774494793";"0";"0.12856957863978713";"0";"0.093410218591334";"0";"-0.07502939286287429";"0"
"2021";"Week 44, 2021";"0.8145520729072685";"0";"0.6781933468419229";"0";"0.8198070100646627";"0";"0.5130979430072125";"0"
"2021";"Week 45, 2021";"0.7910163434980708";"0";"0.6741135517332222";"0";"0.7856696633283251";"0";"0.5868675572978699";"0"
"2021";"Week 46, 2021";"0.8124719299054758";"0";"0.6390769890424631";"0";"0.8178676042573417";"0";"0.3359571568946826";"0"
"2021";"Week 47, 2021";"0.7439678833226278";"0";"0.6084544001249813";"0";"0.7231357117381042";"0";"0.3455725290520796";"0"
"2021";"Week 48, 2021";"0.7576265822799552";"0";"0.6281870259670449";"0";"0.7804675084766295";"0";"0.18519082944570378";"0"
"2021";"Week 49, 2021";"0.7845441512475021";"0";"0.67041807606223";"0";"0.8074150218014848";"0";"0.43168317014040614";"0"
"2021";"Week 50, 2021";"0.7531506553377891";"0";"0.6461656910955709";"0";"0.7766142043309192";"0";"0.22930350115212753";"0"
"2021";"Week 51, 2021";"0.7743647484384618";"0";"0.6657852053625505";"0";"0.7935099085473203";"0";"0.39759390208571915";"0"
"2021";"Week 52, 2021";"0.8491519413873244";"0";"0.7091974580770052";"0";"0.8630597220187659";"0";"0.6786442228505387";"0"
"2022";"Week 52, 2021";"0.8597080108520995";"0";"0.7087041296184827";"0";"0.867375370646321";"0";"0.695639314609741";"0"
"2022";"Week 1, 2022";"0.8353075901720909";"0";"0.6851417530059688";"0";"0.842849312751086";"0";"0.6706487421085394";"0"
"2022";"Week 2, 2022";"0.8036962287400421";"0";"0.6492185554680714";"0";"0.8082921042395406";"0";"0.6395361961131079";"0"
"2022";"Week 3, 2022";"0.7752844890744468";"0";"0.6089991648828227";"0";"0.7759611371093869";"0";"0.5905252988731915";"0"
"2022";"Week 4, 2022";"0.7716433622409726";"0";"0.5913397127744208";"0";"0.7747439300500655";"0";"0.5670122538345962";"0"
"2022";"Week 5, 2022";"0.7824798460873603";"0";"0.6194989216240673";"0";"0.7823373681849005";"0";"0.5964737870202883";"0"
"2022";"Week 6, 2022";"0.7992947696598133";"0";"0.6322807510822429";"0";"0.8024619037594639";"0";"0.6104239000034796";"0"
"2022";"Week 7, 2022";"0.8240013324454838";"0";"0.6572368535370793";"0";"0.8257156838646695";"0";"0.6374342029899434";"0"
"2022";"Week 8, 2022";"0.7854987601549065";"0";"0.6273393762623009";"0";"0.7855088303582577";"0";"0.5953595442162607";"0"
"2022";"Week 9, 2022";"0.7920563083515554";"0";"0.6345520979490124";"0";"0.7937798019060701";"0";"0.6036438446252407";"0"
"2022";"Week 10, 2022";"0.7956806080984372";"0";"0.6330569929589253";"0";"0.7976190799308088";"0";"0.6057859299723275";"0"
"2022";"Week 11, 2022";"0.7796467010675886";"0";"0.62321633117854";"0";"0.7773010966451901";"0";"0.5898164957728753";"0"
"2022";"Week 12, 2022";"0.7843064714472197";"0";"0.6157867372678123";"0";"0.7836990490436171";"0";"0.5952974926794161";"0"
"2022";"Week 13, 2022";"0.7829630415941005";"0";"0.6253708838043717";"0";"0.7846501296129813";"0";"0.5931574826273831";"0"
"2022";"Week 14, 2022";"0.7695189031928223";"0";"0.6158500240358512";"0";"0.7698715789305772";"0";"0.5951955567423932";"0"
"2022";"Week 15, 2022";"0.78051050739856";"0";"0.6274171376339254";"0";"0.7819184812732827";"0";"0.5989210206684347";"0"
"2022";"Week 16, 2022";"0.7597023987232724";"0";"0.6071580057792796";"0";"0.7598287843267861";"0";"0.5837638526356471";"0"
"2022";"Week 17, 2022";"0.7762777384514087";"0";"0.6340111072604386";"0";"0.7762073591990437";"0";"0.6093814355884793";"0"
"2022";"Week 18, 2022";"0.7815409827860994";"0";"0.6347386163711627";"0";"0.782554147510682";"0";"0.6094600807424757";"0"
"2022";"Week 19, 2022";"0.7661997882189604";"0";"0.6143773909562275";"0";"0.7665729623731835";"0";"0.5744798129790964";"0"
"2022";"Week 20, 2022";"0.7741041781056205";"0";"0.6371454970138861";"0";"0.7745763728220986";"0";"0.6032352524472248";"0"
"2022";"Week 21, 2022";"0.7666164385235625";"0";"0.624990363012881";"0";"0.7693486061740564";"0";"0.6037762143112544";"0"
"2022";"Week 22, 2022";"0.7627663526878509";"0";"0.6241311435721747";"0";"0.7613496267384852";"0";"0.5876552099011529";"0"
"2022";"Week 23, 2022";"0.777255230820216";"0";"0.6344575218485545";"0";"0.7784235517237142";"0";"0.6140998775640378";"0"
"2022";"Week 24, 2022";"0.7611865111598022";"0";"0.6218595688229022";"0";"0.7588167086684815";"0";"0.5942045503547442";"0"
"2022";"Week 25, 2022";"0.7832787464934213";"0";"0.6418413741419199";"0";"0.7848558337383615";"0";"0.6167056152463719";"0"
"2022";"Week 26, 2022";"0.7789583941967603";"0";"0.6181037807439527";"0";"0.7789504245955147";"0";"0.5878876900108878";"0"
"2022";"Week 27, 2022";"0.84191702480696";"0";"0.7034561612512795";"0";"0.8376699827930701";"0";"0.6627322900865994";"0"
"2022";"Week 28, 2022";"0.8731996156703963";"0";"0.7228522453597128";"0";"0.8669887324829526";"0";"0.6847008473206342";"0"
"2022";"Week 29, 2022";"0.8726124713953006";"0";"0.7176718636123531";"0";"0.8649553602670648";"0";"0.6729152026013268";"0"
"2022";"Week 30, 2022";"0.8681790476313838";"0";"0.712893715419511";"0";"0.861055685425595";"0";"0.657939246218986";"0"
"2022";"Week 31, 2022";"0.8715264571102451";"0";"0.7203949843706582";"0";"0.861655997058072";"0";"0.6658801233339038";"0"
"2022";"Week 32, 2022";"0.8141481227544137";"0";"0.6656056085016234";"0";"0.8107369560967824";"0";"0.6360082867875138";"0"
"2022";"Week 33, 2022";"0.7956533703012021";"0";"0.6487526070338175";"0";"0.7971313748896697";"0";"0.6119123209137375";"0"
"2022";"Week 34, 2022";"0.7803626921908391";"0";"0.6415214595568189";"0";"0.7806564481296258";"0";"0.6178679227427102";"0"
"2022";"Week 35, 2022";"0.7930109083371111";"0";"0.6459431210839066";"0";"0.7939406854116483";"0";"0.6215638238930109";"0"
"2022";"Week 36, 2022";"0.7977198592362188";"0";"0.6495066959617777";"0";"0.798572301347497";"0";"0.6300781767772775";"0"
"2022";"Week 37, 2022";"0.7880194022246265";"0";"0.6354532910728629";"0";"0.7870135885853722";"0";"0.6009467388948392";"0"
"2022";"Week 38, 2022";"0.7758365807747363";"0";"0.6288711006873104";"0";"0.779625350037877";"0";"0.6066371976158601";"0"
"2022";"Week 39, 2022";"0.7884956962506067";"0";"0.6239985265652123";"0";"0.7871490410089981";"0";"0.6024175868934555";"0"
"2022";"Week 40, 2022";"0.7823729076301158";"0";"0.6195559766611776";"0";"0.7811317033171347";"0";"0.5960613732840618";"0"
"2022";"Week 41, 2022";"0.7707580655778865";"0";"0.6077682223143823";"0";"0.7706790704611914";"0";"0.589668234468461";"0"
"2022";"Week 42, 2022";"0.7946589658190986";"0";"0.640261792538834";"0";"0.793477763803053";"0";"0.6227223995706385";"0"
"2022";"Week 43, 2022";"0.7756788574749383";"0";"0.5905983655834782";"0";"0.7787294473263208";"0";"0.5677425329802867";"0"
"2022";"Week 44, 2022";"0.7698620292180187";"0";"0.5914463176909399";"0";"0.77012142033585";"0";"0.5754476201953049";"0"
"2022";"Week 45, 2022";"0.7579556889071336";"0";"0.6063210491092059";"0";"0.7565904839758677";"0";"0.5859787757013625";"0"
"2022";"Week 46, 2022";"0.7728698330837107";"0";"0.5876064829987567";"0";"0.7749766611539092";"0";"0.5685942797756315";"0"
"2022";"Week 47, 2022";"0.7567629945952287";"0";"0.5880741810882053";"0";"0.7594893166086963";"0";"0.5701910316442773";"0"
"2022";"Week 48, 2022";"0.760655713299944";"0";"0.5813199569474752";"0";"0.7606454822497881";"0";"0.5580475473619249";"0"
"2022";"Week 49, 2022";"0.7669617469957332";"0";"0.5821869584800077";"0";"0.7651722322214765";"0";"0.5516983734777134";"0"
"2022";"Week 50, 2022";"0.7487732169645647";"0";"0.5761702403081763";"0";"0.747151348960187";"0";"0.5415633766981759";"0"
"2022";"Week 51, 2022";"0.7832831463570962";"0";"0.5989614525481445";"0";"0.7838686409227212";"0";"0.5569587666660516";"0"
"2023";"Week 52, 2022";"0.7906957626241778";"0";"0.6081667726110495";"0";"0.797994840112369";"0";"0.5617861501023328";"0"
"2022";"Week 52, 2022";"0.7845699535954169";"0";"0.6012853011852314";"0";"0.787217141777126";"0";"0.5671755160306974";"0"
"2023";"Week 1, 2023";"0.746387782739865";"0";"0.5439271312821236";"0";"0.7468921643533434";"0";"0.5056294483674865";"0"
"2023";"Week 2, 2023";"0.7257029399750792";"0";"0.510914699675973";"0";"0.7264322142266592";"0";"0.4620607105115931";"0"
"2023";"Week 3, 2023";"0.7364214547839674";"0";"0.5151321899237871";"0";"0.7364238468825192";"0";"0.47749847267606715";"0"
"2023";"Week 4, 2023";"0.7767635486456427";"0";"0.609532737328126";"0";"0.7769333395504724";"0";"0.5885508855829747";"0"
"2023";"Week 5, 2023";"0.782980284636994";"0";"0.6154100079496195";"0";"0.7829367321710852";"0";"0.5942978090217843";"0"
"2023";"Week 6, 2023";"0.8038177750313341";"0";"0.6296189656254539";"0";"0.8031747936673035";"0";"0.602066253402433";"0"
"2023";"Week 7, 2023";"0.7941057589443234";"0";"0.6327833274488842";"0";"0.7942491387913078";"0";"0.6092683653576287";"0"
"2023";"Week 8, 2023";"0.8042118592508875";"0";"0.6515287276190181";"0";"0.8031689407580339";"0";"0.6203819769399789";"0"
"2023";"Week 9, 2023";"0.791545663623898";"0";"0.6366860162294429";"0";"0.7907504615288831";"0";"0.6102778922086108";"0"
"2023";"Week 10, 2023";"0.799200834498627";"0";"0.6425022534178043";"0";"0.7973980542446372";"0";"0.6099120935092084";"0"
"2023";"Week 11, 2023";"0.7977351160377354";"0";"0.6392325762459543";"0";"0.7990486493756875";"0";"0.6162348955650958";"0"
"2023";"Week 12, 2023";"0.7850099893482114";"0";"0.6303326814386752";"0";"0.785149044752637";"0";"0.6031675209225589";"0"
"2023";"Week 13, 2023";"0.7938695081336948";"0";"0.6390921279416691";"0";"0.7939570928191012";"0";"0.6206179394113556";"0"
"2023";"Week 14, 2023";"0.7943726998771444";"0";"0.64165774603847";"0";"0.794044959117167";"0";"0.6144986843669812";"0"
"2023";"Week 15, 2023";"0.7700563698209456";"0";"0.6262658151319088";"0";"0.7660448583937901";"0";"0.5839054556735973";"0"
"2023";"Week 16, 2023";"0.8049192250476168";"0";"0.6637006692272748";"0";"0.8036541098074054";"0";"0.6120056029228779";"0"
"2023";"Week 17, 2023";"0.8067330687553329";"0";"0.6639271708002247";"0";"0.8044260925916915";"0";"0.6066631944989641";"0"
"2023";"Week 18, 2023";"0.7982101550027365";"0";"0.6460016773580359";"0";"0.7970474772075667";"0";"0.6072539825552886";"0"
"2023";"Week 19, 2023";"0.8023427640989078";"0";"0.6514282798201638";"0";"0.8008547369733283";"0";"0.6118084115580156";"0"
"2023";"Week 20, 2023";"0.7924790006420063";"0";"0.6486626775090235";"0";"0.7887946684868755";"0";"0.6061887461878313";"0"
"2023";"Week 21, 2023";"0.794254564766197";"0";"0.6469079093700322";"0";"0.7922657547760261";"0";"0.6074680499044508";"0"
"2023";"Week 22, 2023";"0.7959684034961648";"0";"0.6584340931370517";"0";"0.7971357349046108";"0";"0.6208654164291936";"0"
"2023";"Week 23, 2023";"0.76142433839555";"0";"0.6106268334787669";"0";"0.7602404442728067";"0";"0.5592699335685299";"0"
"2023";"Week 24, 2023";"0.7807430372684687";"0";"0.6225539680891388";"0";"0.7828680977225224";"0";"0.5907444834741731";"0"
"2023";"Week 25, 2023";"0.7768166708207191";"0";"0.621186654218677";"0";"0.7778462472261817";"0";"0.5713664591834341";"0"
"2023";"Week 26, 2023";"0.777969667103541";"0";"0.6176824465563258";"0";"0.7812121730931102";"0";"0.5804949845066885";"0"
"2023";"Week 27, 2023";"0.7758428637081581";"0";"0.6268765962854919";"0";"0.778712090637459";"0";"0.577641073722743";"0"
"2023";"Week 28, 2023";"0.7467979388755847";"0";"0.5722164164191775";"0";"0.7516898140929698";"0";"0.5259206637641434";"0"
"2023";"Week 29, 2023";"0.7505102757026455";"0";"0.5773507658422675";"0";"0.7560486592822216";"0";"0.5419522326210456";"0"
"2023";"Week 30, 2023";"0.7649132240218283";"0";"0.5994911401923722";"0";"0.7664173233691315";"0";"0.5578867561207492";"0"
"2023";"Week 31, 2023";"0.7571434768716354";"0";"0.5884460309136536";"0";"0.764045912238021";"0";"0.5588730272303718";"0"
"2023";"Week 32, 2023";"0.7699492023720798";"0";"0.595887092668324";"0";"0.7741145059524599";"0";"0.5747070293783788";"0"
"2023";"Week 33, 2023";"0.7881308790033703";"0";"0.6254139568116495";"0";"0.7890452704387327";"0";"0.5968425848467855";"0"
"2023";"Week 34, 2023";"0.7934120895279297";"0";"0.6395030678564657";"0";"0.7947047934905933";"0";"0.6204590859231487";"0"
"2023";"Week 35, 2023";"0.7924215584331226";"0";"0.6350575489282358";"0";"0.7964274282429977";"0";"0.6058131895245988";"0"
"2023";"Week 36, 2023";"0.7875533876931746";"0";"0.6278146173038142";"0";"0.792271781301746";"0";"0.6022801057746281";"0"
"2023";"Week 37, 2023";"0.7974308092429365";"0";"0.6332730211942785";"0";"0.7985541752689028";"0";"0.6083970947745908";"0"
"2023";"Week 38, 2023";"0.7863245494714955";"0";"0.6279921116816408";"0";"0.7874198514279108";"0";"0.6023708010009619";"0"
"2023";"Week 39, 2023";"0.7909915770635789";"0";"0.6296585650000049";"0";"0.7928240419570165";"0";"0.6032893448491291";"0"
"2023";"Week 40, 2023";"0.7775408826866306";"0";"0.6276405577073012";"0";"0.7799813168440305";"0";"0.6065739696013536";"0"
"2023";"Week 41, 2023";"0.788023264177044";"0";"0.6458355928838994";"0";"0.7898208129945649";"0";"0.6291932014206869";"0"
"2023";"Week 42, 2023";"0.8006542686807218";"0";"0.6483294087164079";"0";"0.8006407294221588";"0";"0.6276761862349134";"0"
"2023";"Week 43, 2023";"0.7689828511661573";"0";"0.5981111098900211";"0";"0.7693663933082963";"0";"0.5783605359381819";"0"
"2023";"Week 44, 2023";"0.7753643428512336";"0";"0.6023207771673063";"0";"0.7757073218871045";"0";"0.5833404358143778";"0"
"2023";"Week 45, 2023";"0.791204943220169";"0";"0.6305281855608229";"0";"0.7914671559146033";"0";"0.616511781209518";"0"
"2023";"Week 46, 2023";"0.7945457457766076";"0";"0.625473198427082";"0";"0.7942070497659445";"0";"0.609891614411468";"0"
"2023";"Week 47, 2023";"0.7371644168555215";"0";"0.5761412704547828";"0";"0.7384693443683025";"0";"0.557125744383401";"0"
"2023";"Week 48, 2023";"0.7602155568763691";"0";"0.5879862026663706";"0";"0.7617707307764187";"0";"0.5662595743956828";"0"
"2023";"Week 49, 2023";"0.7873821787543085";"0";"0.6138279639914163";"0";"0.7878185604831021";"0";"0.5944539524309942";"0"
"2023";"Week 50, 2023";"0.793418389468017";"0";"0.6307512981420074";"0";"0.7933735575852058";"0";"0.6164857386772661";"0"
"2023";"Week 51, 2023";"0.7732703225946213";"0";"0.6007358175734814";"0";"0.7722192880577582";"0";"0.583128715441768";"0"
"2023";"Week 52, 2023";"0.7024147957873558";"0";"0.5198377503910039";"0";"0.7049378313374397";"0";"0.495516352974762";"0"
"2024";"Week 1, 2024";"0.576487677199899";"0";"0.391393486207833";"0";"0.5861466029772013";"0";"0.3726693377554577";"0"
"2024";"Week 2, 2024";"0.6207592121132377";"0";"0.44918998655124864";"0";"0.6277228048386556";"0";"0.41979018772769733";"0"
"2024";"Week 3, 2024";"0.7402852124607526";"0";"0.5788838361207466";"0";"0.7446558354057982";"0";"0.560068686205367";"0"
"2024";"Week 4, 2024";"0.7971959788558554";"0";"0.6331227289839402";"0";"0.7974106533361668";"0";"0.6189113569361046";"0"
"2024";"Week 5, 2024";"0.8049563161497196";"0";"0.6389058499724354";"0";"0.8031071442012883";"0";"0.6163854195464169";"0"
"2024";"Week 6, 2024";"0.7946349330955746";"0";"0.6317912025452791";"0";"0.7948358502467003";"0";"0.6162876366389513";"0"
"2024";"Week 7, 2024";"0.8042717995670443";"0";"0.662900340621791";"0";"0.8050548818221669";"0";"0.6433657027551017";"0"
"2024";"Week 8, 2024";"0.8035578952284811";"0";"0.6492465908886574";"0";"0.8047083767827501";"0";"0.616325151061488";"0"
"2024";"Week 9, 2024";"0.8050581363487228";"0";"0.6556644090795505";"0";"0.8043241609760868";"0";"0.6337587463544202";"0"
"2024";"Week 10, 2024";"0.8075783146195545";"0";"0.6543505038847529";"0";"0.8075313065711429";"0";"0.6341107414333562";"0"
"2024";"Week 11, 2024";"0.6960933577424827";"0";"0.5283307278707855";"0";"0.6980590085789419";"0";"0.5114197695740064";"0"
"2024";"Week 12, 2024";"0.7115631582721377";"0";"0.5455030744739089";"0";"0.7140238416782428";"0";"0.5282665492021141";"0"
"2024";"Week 13, 2024";"0.7369593240347502";"0";"0.5786806790797706";"0";"0.7419618897366543";"0";"0.555467608336681";"0"
"2024";"Week 14, 2024";"0.7624041319263187";"0";"0.609869022345682";"0";"0.7639997123009917";"0";"0.5912865527891323";"0"
"2024";"Week 15, 2024";"0.7606904570898129";"0";"0.60783546798064";"0";"0.759883966603347";"0";"0.575239881841355";"0"
"2024";"Week 16, 2024";"0.7727866333424652";"0";"0.623013307885454";"0";"0.7730844836692997";"0";"0.6077019000883389";"0"
"2024";"Week 17, 2024";"0.7694777295304861";"0";"0.6180126475302723";"0";"0.7684397721124391";"0";"0.5927779454272116";"0"
"2024";"Week 18, 2024";"0.7488797000594171";"0";"0.5981284421514869";"0";"0.7491256983670511";"0";"0.5699390277438686";"0"
"2024";"Week 19, 2024";"0.7567682967832228";"0";"0.6038496453440911";"0";"0.7538424353866872";"0";"0.5695578481739233";"0"
"2024";"Week 20, 2024";"0.7719001955448379";"0";"0.6246412001648746";"0";"0.7718472860828245";"0";"0.5932621479049524";"0"
"2024";"Week 21, 2024";"0.7768546174488228";"0";"0.6359337323201412";"0";"0.7757754539341731";"0";"0.606358949354653";"0"
"2024";"Week 22, 2024";"0.7852439620200314";"0";"0.6486100810473998";"0";"0.7840158030127315";"0";"0.6216179462519281";"0"
"2024";"Week 23, 2024";"0.7538145745934002";"0";"0.6091081630561379";"0";"0.753183881933405";"0";"0.5868974932948312";"0"
"2024";"Week 24, 2024";"0.7547184527102812";"0";"0.605183606001098";"0";"0.7544522901687767";"0";"0.5764349298631776";"0"
"2024";"Week 25, 2024";"0.7605484598304536";"0";"0.6068677652598089";"0";"0.760159181897902";"0";"0.5690325294919649";"0"
"2024";"Week 26, 2024";"0.7418338318674841";"0";"0.5841158837826732";"0";"0.744389322871064";"0";"0.5542059783646126";"0"
"2024";"Week 27, 2024";"0.7737903515629522";"0";"0.6251424136978411";"0";"0.7756757934368759";"0";"0.5992044248660503";"0"
"2024";"Week 28, 2024";"0.7706401702858895";"0";"0.6217944799385832";"0";"0.7697106566938201";"0";"0.595354175326444";"0"
"2024";"Week 29, 2024";"0.7130477497720376";"0";"0.554180481916893";"0";"0.7178266313328057";"0";"0.5197881754287079";"0"
"2024";"Week 30, 2024";"0.731960899105523";"0";"0.5809750675224344";"0";"0.7338188593794817";"0";"0.5594573538921032";"0"
"2024";"Week 31, 2024";"0.7386468503203526";"0";"0.5895848462905607";"0";"0.7426105234248598";"0";"0.5573147609190802";"0"
"2024";"Week 32, 2024";"0.7162789636732435";"0";"0.5506572159316196";"0";"0.7217683559544874";"0";"0.5196658851832229";"0"
"2024";"Week 33, 2024";"0.7568617347972775";"0";"0.5939813124194251";"0";"0.7590622851595598";"0";"0.5697868627571085";"0"
"2024";"Week 34, 2024";"0.7820364362443835";"0";"0.6300045580690061";"0";"0.7814693384861925";"0";"0.6191118136992011";"0"
"2024";"Week 35, 2024";"0.7911931654834448";"0";"0.6424170828117307";"0";"0.7898424290352754";"0";"0.6236764980232132";"0"
"2024";"Week 36, 2024";"0.7784155941604733";"0";"0.6253682871973807";"0";"0.7767366444664193";"0";"0.6031237151359657";"0"
"2024";"Week 37, 2024";"0.7664742139642894";"0";"0.6160848343326818";"0";"0.7664978892458318";"0";"0.599744403810416";"0"
"2024";"Week 38, 2024";"0.7789967316082291";"0";"0.621761918846779";"0";"0.7785873421040769";"0";"0.6127272369355443";"0"
"2024";"Week 39, 2024";"0.7766023363315976";"0";"0.6249482673369092";"0";"0.7764102178108768";"0";"0.6165993334854646";"0"
"2024";"Week 40, 2024";"0.7848633652846675";"0";"0.6303011272146938";"0";"0.7845184870880992";"0";"0.6168620342635439";"0"
"2024";"Week 41, 2024";"0.7369978161455722";"0";"0.5838469161548128";"0";"0.7388242339908719";"0";"0.5574991592318346";"0"
"2024";"Week 42, 2024";"0.7552755088341985";"0";"0.613705345088981";"0";"0.7602513286538879";"0";"0.5938253977547518";"0"
"2024";"Week 43, 2024";"0.773139907716151";"0";"0.6383570850286546";"0";"0.772521136631032";"0";"0.6273768482062234";"0"
"2024";"Week 44, 2024";"0.7885678844438118";"0";"0.6468235654997958";"0";"0.7889648450273723";"0";"0.6325735841902597";"0"
"2024";"Week 45, 2024";"0.7880865217824544";"0";"0.6443967708359712";"0";"0.7871323607539018";"0";"0.6190408973607388";"0"
"2024";"Week 46, 2024";"0.7990769289360617";"0";"0.6507568825240657";"0";"0.7987199450750783";"0";"0.639760855846222";"0"
"2024";"Week 47, 2024";"0.7644963192103413";"0.6674999606554471";"0.6208764519817788";"0.5977566458691023";"0.7649015910857608";"0.6674999606554471";"0.6087883898865856";"0.5977566458691023"
"2024";"Week 48, 2024";"0.7402852080722905";"0.8691960659551312";"0.5853920344728105";"0.7525024172746123";"0.7413643910806723";"0.8691960659551312";"0.5714113516279787";"0.7525024172746123"
"2024";"Week 49, 2024";"0.7543837672459827";"0.7983184713588615";"0.5993657650493015";"0.5310688279856884";"0.7554395889303922";"0.7983184713588615";"0.5806585865651785";"0.5310688279856884"
"2024";"Week 50, 2024";"0.792008891159812";"0.7687821948350454";"0.646038803531352";"0.6244368762212256";"0.7917020729460867";"0.7572473613636596";"0.6262609847834169";"0.5778626283763878"
"2024";"Week 51, 2024";"0.7568951640393775";"0.8122695951477816";"0.5944152520410634";"0.6547682689542235";"0.758710395369209";"0.8169641998957853";"0.5734704889962625";"0.6326431759444411"
"2024";"Week 52, 2024";"0.7462492582672393";"0.815736288976291";"0.5862162976024993";"0.6477781302671998";"0.7481609543949886";"0.8175466316261034";"0.5708942672170545";"0.6354367108924657"
"2025";"Week 1, 2025";"0.6534524564902596";"0.8064814284959045";"0.4931468801038188";"0.6340790105568499";"0.6595266189337403";"0.8084237259279928";"0.47348317924826755";"0.6220962938864826"
"2024";"Week 1, 2025";"0.7581374873613675";"0.8064814284959045";"0.5956212046451448";"0.6340790105568499";"0.7603270855480728";"0.8084237259279928";"0.5800979330306382";"0.6220962938864826"
"2025";"Week 2, 2025";"0.6399974392155305";"0.8037946513542402";"0.470082172145638";"0.6295478559869033";"0.6453830643350452";"0.8066105630850812";"0.44342347749898503";"0.6185666413392163"
"2025";"Week 3, 2025";"0.6792573768152542";"0.7909434595871505";"0.5032527166569266";"0.6168802630942349";"0.6841564538176942";"0.7952666709994655";"0.48243678372764764";"0.6005765861922931"
"2025";"Week 4, 2025";"0.7484239747766029";"0.816548065726687";"0.5889192741948557";"0.6337791957252731";"0.7511003612757948";"0.8172158763513117";"0.5780213590282379";"0.5972178180920771"
"2025";"Week 5, 2025";"0.7600890709477566";"0.8575305663651951";"0.6028615183705195";"0.6098095708443416";"0.761616268470588";"0.8551351415446014";"0.5786993136671429";"0.5812000576982159"
"2025";"Week 5, 2025";"0.7600890709477566";"0.8371596740445449";"0.6028615183705195";"0.6514955059361759";"0.761616268470588";"0.8356601967731987";"0.5786993136671429";"0.6221319364014314"
"2025";"Week 6, 2025";"0.7691958946190549";"0.8364264061521349";"0.6030293499754994";"0.6457483022248138";"0.771469771773468";"0.8405688473584471";"0.5831394398555448";"0.6227248479859374"
"2025";"Week 7, 2025";"0.7587198930611331";"0.8299375758718258";"0.5921040764472517";"0.6283460472098877";"0.7602912732517408";"0.8286114956874729";"0.5643011783156838";"0.6059168025102616"
"2025";"Week 8, 2025";"0.7753158852434844";"0.8307990653634936";"0.61285467338107";"0.6411370210472069";"0.7761735258087841";"0.8314131288270519";"0.5990676416290645";"0.6295850439776769"
"2025";"Week 9, 2025";"0.7603924301459687";"0.8313163568247922";"0.5987753509694496";"0.6436351121297433";"0.7637537335044633";"0.8320239687722583";"0.5870323964071793";"0.6309943283962905"
"2025";"Week 10, 2025";"0.7513303893555061";"0.8219062560676007";"0.5907477460915135";"0.6317419114061852";"0.7536979401515649";"0.8226626488937071";"0.5722611600976606";"0.6138043357656204"
"2025";"Week 11, 2025";"0.7547614294561765";"0.8298550574127971";"0.6075070494709929";"0.641914373725188";"0.7561819161804945";"0.8303954023929784";"0.5862477594738933";"0.6254790132046854"
"2025";"Week 12, 2025";"0.7519854405854639";"0.8233781754746328";"0.6112015598864443";"0.6393699270684569";"0.7546363473065404";"0.824497855776458";"0.5956549538053257";"0.6275700780784996"
"2025";"Week 13, 2025";"0.7659930457828839";"0.8287599443310991";"0.6172325649848726";"0.6540592290438182";"0.7682826844179903";"0.8301887711594487";"0.5972354523321043";"0.6451291970398099"
"2025";"Week 14, 2025";"0.7721004438980855";"0.8328369619105691";"0.629277784289607";"0.6597130110994817";"0.7729834519727369";"0.8323205728541112";"0.611933417796345";"0.6474204976399712"
"2025";"Week 15, 2025";"0.7679572676959237";"0.8295704761666973";"0.6346415843717107";"0.662080901056064";"0.7690684896181514";"0.8291417531380173";"0.6087413056185431";"0.6489269815963922"
"2025";"Week 16, 2025";"0.7658037928904647";"0.8308876845470925";"0.6285679043373585";"0.6610699216700926";"0.768440352754857";"0.8301042808185852";"0.6105398269596565";"0.6437947768997178"
"2025";"Week 17, 2025";"0.7711194753696016";"0.8328805732296712";"0.6335263533255509";"0.6682688491461413";"0.7724889497271038";"0.8346858029356907";"0.61561112902593";"0.6542144438445017"
"2025";"Week 18, 2025";"0.7692028147247632";"0.8513103379291889";"0.6327271958267332";"0.6692288756196024";"0.7710699523915644";"0.8515343451765557";"0.6131044116862967";"0.6430164970840629"
"2025";"Week 19, 2025";"0.772014404868655";"0.8324744426021697";"0.6218108049818823";"0.6633476716008287";"0.7733153456269096";"0.834469624578686";"0.5979093181898497";"0.6454012485073674"
"2025";"Week 20, 2025";"0.765664697851328";"0.821094059583579";"0.6248357909249443";"0.654756508221916";"0.7678506359195616";"0.8217337856770375";"0.6085768047393133";"0.6313963986884258"
"2025";"Week 21, 2025";"0.7632298294337901";"0.8129402352951011";"0.6083028095261014";"0.6484272770744696";"0.7631337981705467";"0.8148144271008925";"0.588085496235592";"0.6148331729715331"
"2025";"Week 22, 2025";"0.7671511080256874";"0.8131021592899887";"0.6267442799447823";"0.6472491621460963";"0.7673478535187187";"0.8156313159486444";"0.6102615186758961";"0.6173982272717174"
"2025";"Week 23, 2025";"0.7424638037082012";"0.7827881185053889";"0.5919230460801496";"0.6165938155946677";"0.7424476308251649";"0.7866146078773";"0.5696512885094197";"0.5927162502762484"
"2025";"Week 24, 2025";"0.744510829736131";"0.8114330677725924";"0.5923193441701808";"0.6462988163035326";"0.7454172251624047";"0.8164205949331804";"0.5704166258608019";"0.619230983190043"
"2025";"Week 25, 2025";"0.7429359270931329";"0.7982059881161742";"0.593570808598845";"0.6337735661914428";"0.744577763307504";"0.8004742466150722";"0.5647624031836564";"0.6059332258544085"
"2025";"Week 26, 2025";"0.7553740027698245";"0.7978854246438457";"0.6048902234364708";"0.6458843058647888";"0.7554670276199624";"0.8012381144050778";"0.5814675174111398";"0.6252134185485904"
"2025";"Week 27, 2025";"0.7501796166931143";"0.7971396920474596";"0.5978924488635989";"0.6428249449617022";"0.7520308027945121";"0.7996058542760321";"0.5732909888731363";"0.6226735328286326"
"2025";"Week 28, 2025";"0.7586255892164337";"0.7774084997480005";"0.6032858616412601";"0.6213961877639429";"0.7625561711357944";"0.7802875859820865";"0.5754278917719126";"0.593972380206682"
"2025";"Week 29, 2025";"0.7695100355424154";"0.7905903193274318";"0.6252667656149395";"0.6388141833188095";"0.7715614053259495";"0.7922040269250471";"0.6032569647406607";"0.6011516817646543"
"2025";"Week 30, 2025";"0.72380483419536";"0.8020144784716766";"0.566036399456651";"0.6462745155208344";"0.7251859300732278";"0.8097906503176395";"0.5400861507234643";"0.6095483491977933"
"2025";"Week 31, 2025";"0.7385219745337388";"0.8194257358146684";"0.5830866150153721";"0.5950912169618663";"0.739171501899016";"0.8195728430473497";"0.5569565761410199";"0.5932419252902708"
"2025";"Week 32, 2025";"0.7526679675091092";"0.7977878626694282";"0.5957446411198569";"0.6618452279518157";"0.7533697345951187";"0.7796269174293026";"0.5690424702150462";"0.43708335042967833"
"2025";"Week 33, 2025";"0.7381233426779715";"0.7937343546282699";"0.5757617803779571";"0.6434474235981911";"0.7391122651309788";"0.802637441676442";"0.5472881149049436";"0.5353565543944959"
"2025";"Week 34, 2025";"0.7881213788314287";"0.7955612399193942";"0.6567291977239517";"0.6692830553073225";"0.7888181064455919";"0.8146891641645791";"0.6332958092562677";"0.07530157096737332"
"2025";"Week 35, 2025";"0.7901738061736691";"0.7901737686355306";"0.6671335933212287";"0.6457726569924526";"0.7910264436096107";"0.8142910769821928";"0.6436335936925892";"0.5254960444879995"
"2025";"Week 36, 2025";"0.7834193162258475";"0.7896741472658025";"0.6639991599726718";"0.6427502294770409";"0.7838685486545142";"0.8140744584406706";"0.6407333138269427";"0.5550325777163825"
"2025";"Week 37, 2025";"0.7915603433126245";"0.8348477985818995";"0.6673550071926109";"0.681179144487524";"0.7923072270382173";"0.8462875192072363";"0.6439053784382018";"0.5877896534339649"
"2025";"Week 38, 2025";"0.7759387116036879";"0.8008000231051261";"0.6556882604594437";"0.6639739372879173";"0.7765392817944646";"0.7492731833005191";"0.6321698645449525";"0.37386098617305297"
"2025";"Week 39, 2025";"0.7810437733761241";"0.7809323832180892";"0.6537875002703991";"0.6638237795073316";"0.7816818544546252";"0.8020591806175896";"0.6288164054708529";"0.5769326658099221"
"2025";"Week 40, 2025";"0.7908331012388314";"0.7943793957945805";"0.6744590395571848";"0.666676429005414";"0.7918267121775815";"0.8001646292563329";"0.6548037179103171";"0.5427479954685372"