AU,2023-12-18,357.70,107.31,250.39
AT,2023-12-18,4.50,1.35,3.15
BE,2023-12-18,126.32,37.90,88.42
CA,2023-12-18,9.30,2.79,6.51
HR,2023-12-18,38.02,11.41,26.61
DK,2023-12-18,45.68,13.71,31.98
FI,2023-12-18,5.93,1.78,4.15
FR,2023-12-18,259.18,77.75,181.43
DE,2023-12-18,1107.96,332.39,775.57
GR,2023-12-18,52.12,15.64,36.49
HK,2023-12-18,110.07,33.02,77.05
IE,2023-12-18,57.23,17.17,40.06
IT,2023-12-18,146.25,43.87,102.37
LU,2023-12-18,2.96,0.89,2.07
NL,2023-12-18,204.91,61.47,143.44
NZ,2023-12-18,3.78,1.13,2.65
NO,2023-12-18,1.33,0.40,0.93
PT,2023-12-18,94.23,28.27,65.96
SG,2023-12-18,163.73,49.12,114.61
ES,2023-12-18,102.92,30.87,72.04
SE,2023-12-18,1507.16,452.15,1055.01
CH,2023-12-18,1.74,0.52,1.22
AE,2023-12-18,127.04,38.11,88.93
GB,2023-12-18,1482.94,444.88,1038.06
US,2023-12-18,2031.86,609.56,1422.30
AU,2023-12-19,34.75,10.43,24.33
AT,2023-12-19,5.59,1.68,3.91
BE,2023-12-19,48.67,14.60,34.07
CA,2023-12-19,20.83,6.25,14.58
HR,2023-12-19,33.94,10.18,23.76
DK,2023-12-19,5.08,1.52,3.56
FI,2023-12-19,5.99,1.80,4.20
FR,2023-12-19,13.72,4.12,9.60
DE,2023-12-19,20.63,6.19,14.44
GR,2023-12-19,83.02,24.90,58.11
HK,2023-12-19,41.96,12.59,29.38
IE,2023-12-19,17.38,5.21,12.16
IT,2023-12-19,85.76,25.73,60.03
LU,2023-12-19,3.05,0.91,2.13
NL,2023-12-19,109.54,32.86,76.67
NZ,2023-12-19,29.87,8.96,20.91
NO,2023-12-19,3.96,1.19,2.77
PT,2023-12-19,84.74,25.42,59.32
SG,2023-12-19,85.66,25.70,59.96
ES,2023-12-19,42.78,12.83,29.94
SE,2023-12-19,13.82,4.15,9.67
CH,2023-12-19,4.27,1.28,2.99
AE,2023-12-19,251.69,75.51,176.18
GB,2023-12-19,33.84,10.15,23.69
US,2023-12-19,421.98,126.60,295.39
AU,2023-12-20,0.20,0.06,0.14
AT,2023-12-20,0.10,0.03,0.07
BE,2023-12-20,0.31,0.09,0.21
CA,2023-12-20,0.10,0.03,0.07
HR,2023-12-20,0.10,0.03,0.07
DK,2023-12-20,0.20,0.06,0.14
FI,2023-12-20,0.00,0.00,0.00
FR,2023-12-20,0.51,0.15,0.36
DE,2023-12-20,0.31,0.09,0.21
GR,2023-12-20,0.31,0.09,0.21
HK,2023-12-20,0.10,0.03,0.07
IE,2023-12-20,0.10,0.03,0.07
IT,2023-12-20,1.02,0.31,0.71
LU,2023-12-20,0.00,0.00,0.00
NL,2023-12-20,0.81,0.24,0.57
NZ,2023-12-20,0.10,0.03,0.07
NO,2023-12-20,0.31,0.09,0.21
PT,2023-12-20,2.24,0.67,1.57
SG,2023-12-20,0.10,0.03,0.07
ES,2023-12-20,2.24,0.67,1.57
SE,2023-12-20,0.10,0.03,0.07
CH,2023-12-20,0.00,0.00,0.00
AE,2023-12-20,1.02,0.31,0.71
GB,2023-12-20,1.02,0.31,0.71
US,2023-12-20,384.64,115.39,269.25
AU,2023-12-21,16.55,4.96,11.58
CA,2023-12-21,64.08,19.22,44.85
DK,2023-12-21,0.00,0.00,0.00
FI,2023-12-21,0.00,0.00,0.00
FR,2023-12-21,136.02,40.81,95.22
DE,2023-12-21,56.81,17.04,39.77
HK,2023-12-21,0.00,0.00,0.00
IE,2023-12-21,47.12,14.14,32.99
IT,2023-12-21,2.52,0.76,1.77
NL,2023-12-21,31.89,9.57,22.32
SG,2023-12-21,4.04,1.21,2.83
ES,2023-12-21,4.74,1.42,3.32
SE,2023-12-21,736.62,220.99,515.64
AE,2023-12-21,0.00,0.00,0.00
GB,2023-12-21,412.81,123.84,288.97
US,2023-12-21,1431.87,429.56,1002.31
AU,2023-12-22,45.27,13.58,31.69
AT,2023-12-22,0.00,0.00,0.00
CA,2023-12-22,130.59,39.18,91.41
DK,2023-12-22,15.72,4.72,11.01
FI,2023-12-22,30.44,9.13,21.31
FR,2023-12-22,400.78,120.24,280.55
DE,2023-12-22,454.26,136.28,317.98
GR,2023-12-22,0.10,0.03,0.07
HK,2023-12-22,43.16,12.95,30.21
IE,2023-12-22,105.65,31.70,73.96
IT,2023-12-22,326.88,98.06,228.81
NL,2023-12-22,100.15,30.04,70.10
SG,2023-12-22,38.76,11.63,27.13
ES,2023-12-22,7.91,2.37,5.54
SE,2023-12-22,1787.91,536.37,1251.53
AE,2023-12-22,42.56,12.77,29.79
GB,2023-12-22,905.72,271.72,634.00
US,2023-12-22,2015.94,604.78,1411.16
AU,2023-12-23,165.38,49.62,115.77
AT,2023-12-23,12.71,3.81,8.90
CA,2023-12-23,25.13,7.54,17.59
DK,2023-12-23,5.51,1.65,3.85
FI,2023-12-23,0.00,0.00,0.00
FR,2023-12-23,132.45,39.73,92.71
DE,2023-12-23,1075.49,322.65,752.84
GR,2023-12-23,3.90,1.17,2.73
HK,2023-12-23,64.57,19.37,45.20
IE,2023-12-23,90.40,27.12,63.28
IT,2023-12-23,17.82,5.35,12.47
NL,2023-12-23,325.06,97.52,227.54
SG,2023-12-23,33.44,10.03,23.41
ES,2023-12-23,40.14,12.04,28.10
SE,2023-12-23,1266.50,379.95,886.55
AE,2023-12-23,5.01,1.50,3.50
GB,2023-12-23,416.26,124.88,291.38
US,2023-12-23,1163.29,348.99,814.30
AU,2023-12-24,13.60,4.08,9.52
AT,2023-12-24,0.20,0.06,0.14
CA,2023-12-24,81.91,24.57,57.33
DK,2023-12-24,59.30,17.79,41.51
FI,2023-12-24,0.30,0.09,0.21
FR,2023-12-24,148.11,44.43,103.68
DE,2023-12-24,152.31,45.69,106.62
GR,2023-12-24,8.20,2.46,5.74
HK,2023-12-24,32.50,9.75,22.75
IE,2023-12-24,126.51,37.95,88.56
IT,2023-12-24,99.81,29.94,69.87
NL,2023-12-24,196.72,59.01,137.70
SG,2023-12-24,45.00,13.50,31.50
ES,2023-12-24,5.20,1.56,3.64
SE,2023-12-24,694.86,208.46,486.40
AE,2023-12-24,7.20,2.16,5.04
GB,2023-12-24,894.37,268.31,626.06
US,2023-12-24,1073.49,322.05,751.44
AU,2023-12-25,91.95,27.58,64.36
AT,2023-12-25,0.10,0.03,0.07
CA,2023-12-25,56.37,16.91,39.46
DK,2023-12-25,94.85,28.45,66.39
FI,2023-12-25,2.50,0.75,1.75
FR,2023-12-25,79.06,23.72,55.34
DE,2023-12-25,368.10,110.43,257.67
GR,2023-12-25,1.90,0.57,1.33
HK,2023-12-25,0.00,0.00,0.00
IE,2023-12-25,81.15,24.35,56.81
IT,2023-12-25,134.83,40.45,94.38
NL,2023-12-25,86.75,26.03,60.73
SG,2023-12-25,56.67,17.00,39.67
ES,2023-12-25,8.10,2.43,5.67
SE,2023-12-25,1413.91,424.17,989.74
AE,2023-12-25,4.30,1.29,3.01
GB,2023-12-25,1186.64,355.99,830.65
US,2023-12-25,1288.38,386.52,901.87
AU,2023-12-26,225.32,67.60,157.72
AT,2023-12-26,26.79,8.04,18.75
CA,2023-12-26,256.81,77.04,179.76
DK,2023-12-26,57.08,17.12,39.96
FI,2023-12-26,1.30,0.39,0.91
FR,2023-12-26,177.34,53.20,124.14
DE,2023-12-26,889.48,266.84,622.63
GR,2023-12-26,0.20,0.06,0.14
HK,2023-12-26,24.09,7.23,16.86
IE,2023-12-26,191.13,57.34,133.79
IT,2023-12-26,58.98,17.69,41.29
NL,2023-12-26,70.17,21.05,49.12
SG,2023-12-26,52.58,15.77,36.81
ES,2023-12-26,2.10,0.63,1.47
SE,2023-12-26,1410.99,423.30,987.69
AE,2023-12-26,0.50,0.15,0.35
GB,2023-12-26,1701.18,510.36,1190.83
US,2023-12-26,1264.24,379.27,884.97
AU,2023-12-27,327.97,98.39,229.58
AT,2023-12-27,0.10,0.03,0.07
CA,2023-12-27,79.43,23.83,55.60
DK,2023-12-27,38.57,11.57,27.00
FI,2023-12-27,5.07,1.52,3.55
FR,2023-12-27,325.79,97.74,228.05
DE,2023-12-27,651.57,195.47,456.10
GR,2023-12-27,7.06,2.12,4.94
HK,2023-12-27,74.86,22.46,52.40
IE,2023-12-27,164.73,49.42,115.31
IT,2023-12-27,146.94,44.08,102.86
NL,2023-12-27,203.70,61.11,142.59
SG,2023-12-27,0.20,0.06,0.14
ES,2023-12-27,19.09,5.73,13.36
SE,2023-12-27,1035.42,310.62,724.79
AE,2023-12-27,16.80,5.04,11.76
GB,2023-12-27,1806.68,542.01,1264.68
US,2023-12-27,1915.64,574.69,1340.95
AU,2023-12-28,105.32,31.59,73.72
AT,2023-12-28,2.40,0.72,1.68
CA,2023-12-28,82.06,24.62,57.44
DK,2023-12-28,4.59,1.38,3.21
FI,2023-12-28,0.00,0.00,0.00
FR,2023-12-28,392.71,117.81,274.90
DE,2023-12-28,408.28,122.49,285.80
GR,2023-12-28,8.39,2.52,5.87
HK,2023-12-28,1.00,0.30,0.70
IE,2023-12-28,253.86,76.16,177.70
IT,2023-12-28,111.40,33.42,77.98
NL,2023-12-28,109.81,32.94,76.87
SG,2023-12-28,21.06,6.32,14.74
ES,2023-12-28,9.28,2.79,6.50
SE,2023-12-28,955.43,286.63,668.80
AE,2023-12-28,13.48,4.04,9.43
GB,2023-12-28,2307.16,692.15,1615.01
US,2023-12-28,1830.09,549.03,1281.07
AU,2023-12-29,745.89,223.77,522.12
AT,2023-12-29,3.02,0.91,2.12
CA,2023-12-29,80.88,24.27,56.62
DK,2023-12-29,366.45,109.93,256.51
FI,2023-12-29,36.77,11.03,25.74
FR,2023-12-29,517.54,155.26,362.28
DE,2023-12-29,699.55,209.87,489.69
GR,2023-12-29,0.10,0.03,0.07
HK,2023-12-29,33.54,10.06,23.48
IE,2023-12-29,72.62,21.79,50.84
IT,2023-12-29,244.87,73.46,171.41
NL,2023-12-29,476.74,143.02,333.72
SG,2023-12-29,46.84,14.05,32.79
ES,2023-12-29,37.37,11.21,26.16
SE,2023-12-29,1682.15,504.64,1177.50
AE,2023-12-29,7.86,2.36,5.50
GB,2023-12-29,1718.71,515.61,1203.10
US,2023-12-29,1991.18,597.35,1393.83
AU,2023-12-30,81.89,24.57,57.32
AT,2023-12-30,1.71,0.51,1.20
CA,2023-12-30,108.28,32.48,75.80
DK,2023-12-30,35.15,10.55,24.61
FI,2023-12-30,44.52,13.36,31.17
FR,2023-12-30,359.09,107.73,251.37
DE,2023-12-30,1203.79,361.14,842.66
GR,2023-12-30,2.01,0.60,1.41
HK,2023-12-30,6.65,1.99,4.65
IE,2023-12-30,190.07,57.02,133.05
IT,2023-12-30,287.38,86.21,201.16
NL,2023-12-30,232.98,69.89,163.09
SG,2023-12-30,61.34,18.40,42.94
ES,2023-12-30,9.07,2.72,6.35
SE,2023-12-30,2345.44,703.63,1641.81
AE,2023-12-30,81.99,24.60,57.39
GB,2023-12-30,1344.91,403.47,941.44
US,2023-12-30,2460.57,738.17,1722.40
AU,2023-12-31,269.26,80.78,188.48
AT,2023-12-31,25.12,7.54,17.58
CA,2023-12-31,109.36,32.81,76.55
DK,2023-12-31,23.10,6.93,16.17
FI,2023-12-31,3.43,1.03,2.40
FR,2023-12-31,318.09,95.43,222.66
DE,2023-12-31,1350.83,405.25,945.58
GR,2023-12-31,0.10,0.03,0.07
HK,2023-12-31,5.95,1.79,4.17
IE,2023-12-31,229.31,68.79,160.52
IT,2023-12-31,341.69,102.51,239.18
NL,2023-12-31,212.66,63.80,148.86
SG,2023-12-31,44.89,13.47,31.43
ES,2023-12-31,34.60,10.38,24.22
SE,2023-12-31,858.72,257.62,601.10
AE,2023-12-31,21.19,6.36,14.83
GB,2023-12-31,1096.40,328.92,767.48
US,2023-12-31,2637.70,791.31,1846.39
AU,2024-01-01,51.14,15.34,35.80
AT,2024-01-01,2.72,0.82,1.90
CA,2024-01-01,42.29,12.69,29.60
DK,2024-01-01,142.96,42.89,100.07
FI,2024-01-01,30.81,9.24,21.57
FR,2024-01-01,99.77,29.93,69.84
DE,2024-01-01,757.61,227.28,530.33
GR,2024-01-01,0.00,0.00,0.00
HK,2024-01-01,145.48,43.64,101.84
IE,2024-01-01,354.79,106.44,248.35
IT,2024-01-01,88.60,26.58,62.02
NL,2024-01-01,240.72,72.22,168.51
SG,2024-01-01,60.11,18.03,42.07
ES,2024-01-01,3.42,1.03,2.40
SE,2024-01-01,915.27,274.58,640.69
AE,2024-01-01,15.00,4.50,10.50
GB,2024-01-01,2031.60,609.48,1422.12
US,2024-01-01,1909.47,572.84,1336.63
AU,2024-01-02,107.80,32.34,75.46
AT,2024-01-02,1.43,0.43,1.00
CA,2024-01-02,115.77,34.73,81.04
DK,2024-01-02,485.22,145.57,339.66
FI,2024-01-02,15.93,4.78,11.15
FR,2024-01-02,210.30,63.09,147.21
DE,2024-01-02,622.94,186.88,436.06
GR,2024-01-02,0.20,0.06,0.14
HK,2024-01-02,59.11,17.73,41.38
IE,2024-01-02,266.55,79.97,186.59
IT,2024-01-02,120.57,36.17,84.40
NL,2024-01-02,482.67,144.80,337.87
SG,2024-01-02,9.19,2.76,6.43
ES,2024-01-02,5.00,1.50,3.50
SE,2024-01-02,1064.37,319.31,745.06
AE,2024-01-02,93.31,27.99,65.32
GB,2024-01-02,1548.67,464.60,1084.07
US,2024-01-02,2695.43,808.63,1886.80
AU,2024-01-03,127.31,38.19,89.12
AT,2024-01-03,48.13,14.44,33.69
CA,2024-01-03,16.66,5.00,11.66
DK,2024-01-03,91.11,27.33,63.78
FI,2024-01-03,7.10,2.13,4.97
FR,2024-01-03,158.47,47.54,110.93
DE,2024-01-03,728.19,218.46,509.73
GR,2024-01-03,1.75,0.52,1.22
HK,2024-01-03,30.95,9.29,21.67
IE,2024-01-03,8.02,2.41,5.61
IT,2024-01-03,107.26,32.18,75.08
NL,2024-01-03,88.85,26.66,62.20
SG,2024-01-03,128.24,38.47,89.77
ES,2024-01-03,2.98,0.89,2.09
SE,2024-01-03,2287.72,686.31,1601.40
AE,2024-01-03,10.80,3.24,7.56
GB,2024-01-03,1721.39,516.42,1204.97
US,2024-01-03,2767.04,830.11,1936.93
AU,2024-01-04,274.93,82.48,192.45
AT,2024-01-04,1.63,0.49,1.14
CA,2024-01-04,88.24,26.47,61.77
DK,2024-01-04,317.52,95.26,222.26
FI,2024-01-04,34.83,10.45,24.38
FR,2024-01-04,355.92,106.78,249.14
DE,2024-01-04,633.40,190.02,443.38
GR,2024-01-04,0.20,0.06,0.14
HK,2024-01-04,29.21,8.76,20.45
IE,2024-01-04,189.24,56.77,132.47
IT,2024-01-04,345.71,103.71,241.99
NL,2024-01-04,134.91,40.47,94.44
SG,2024-01-04,57.91,17.37,40.53
ES,2024-01-04,38.71,11.61,27.09
SE,2024-01-04,1643.15,492.94,1150.20
AE,2024-01-04,96.41,28.92,67.49
GB,2024-01-04,1482.09,444.63,1037.46
US,2024-01-04,2302.80,690.84,1611.96
AU,2024-01-05,49.22,14.76,34.45
AT,2024-01-05,0.51,0.15,0.36
CA,2024-01-05,48.19,14.46,33.73
DK,2024-01-05,146.73,44.02,102.71
FI,2024-01-05,3.59,1.08,2.51
FR,2024-01-05,247.52,74.26,173.26
DE,2024-01-05,864.46,259.34,605.12
GR,2024-01-05,1.64,0.49,1.15
HK,2024-01-05,27.27,8.18,19.09
IE,2024-01-05,208.55,62.57,145.99
IT,2024-01-05,201.38,60.41,140.96
NL,2024-01-05,186.41,55.92,130.48
SG,2024-01-05,58.44,17.53,40.91
ES,2024-01-05,35.48,10.64,24.83
SE,2024-01-05,1251.22,375.37,875.86
AE,2024-01-05,6.05,1.81,4.23
GB,2024-01-05,860.88,258.26,602.61
US,2024-01-05,1781.32,534.40,1246.93
AU,2024-01-06,160.67,48.20,112.47
AT,2024-01-06,35.99,10.80,25.19
CA,2024-01-06,59.06,17.72,41.34
DK,2024-01-06,102.84,30.85,71.99
FI,2024-01-06,3.28,0.98,2.30
FR,2024-01-06,1253.99,376.20,877.79
DE,2024-01-06,522.92,156.88,366.05
GR,2024-01-06,0.10,0.03,0.07
HK,2024-01-06,22.25,6.67,15.57
IE,2024-01-06,89.31,26.79,62.51
IT,2024-01-06,45.73,13.72,32.01
NL,2024-01-06,58.03,17.41,40.62
SG,2024-01-06,52.70,15.81,36.89
ES,2024-01-06,20.30,6.09,14.21
SE,2024-01-06,948.54,284.56,663.98
AE,2024-01-06,35.58,10.67,24.91
GB,2024-01-06,659.19,197.76,461.43
US,2024-01-06,2408.83,722.65,1686.18
AU,2024-01-07,114.85,34.46,80.40
AT,2024-01-07,28.33,8.50,19.83
CA,2024-01-07,90.32,27.10,63.22
DK,2024-01-07,360.36,108.11,252.25
FI,2024-01-07,3.49,1.05,2.44
FR,2024-01-07,574.36,172.31,402.05
DE,2024-01-07,785.38,235.61,549.77
GR,2024-01-07,0.62,0.18,0.43
HK,2024-01-07,26.99,8.10,18.90
IE,2024-01-07,97.92,29.37,68.54
IT,2024-01-07,134.97,40.49,94.48
NL,2024-01-07,134.35,40.31,94.05
SG,2024-01-07,69.38,20.81,48.57
ES,2024-01-07,95.04,28.51,66.53
SE,2024-01-07,1988.08,596.42,1391.66
AE,2024-01-07,74.10,22.23,51.87
GB,2024-01-07,1855.27,556.58,1298.69
US,2024-01-07,2619.09,785.73,1833.37
AU,2023-12-18,690.16,207.05,483.11
AT,2023-12-18,208.90,62.67,146.23
BH,2023-12-18,0.51,0.15,0.36
BE,2023-12-18,308.65,92.59,216.05
CA,2023-12-18,509.06,152.72,356.34
HR,2023-12-18,34.54,10.36,24.18
CZ,2023-12-18,101.89,30.57,71.33
DK,2023-12-18,534.82,160.45,374.37
EE,2023-12-18,48.24,14.47,33.77
FO,2023-12-18,0.10,0.03,0.07
FI,2023-12-18,181.92,54.58,127.34
FR,2023-12-18,512.33,153.70,358.63
DE,2023-12-18,894.77,268.43,626.34
GR,2023-12-18,65.41,19.62,45.79
GG,2023-12-18,0.20,0.06,0.14
HK,2023-12-18,167.10,50.13,116.97
HU,2023-12-18,10.83,3.25,7.58
IS,2023-12-18,46.81,14.04,32.77
IE,2023-12-18,87.59,26.28,61.31
IL,2023-12-18,56.93,17.08,39.85
IT,2023-12-18,272.77,81.83,190.94
JP,2023-12-18,92.90,27.87,65.03
JE,2023-12-18,2.66,0.80,1.86
KR,2023-12-18,30.05,9.01,21.03
KW,2023-12-18,9.50,2.85,6.65
LV,2023-12-18,33.22,9.96,23.25
LT,2023-12-18,38.33,11.50,26.83
LU,2023-12-18,36.59,10.98,25.61
MT,2023-12-18,13.69,4.11,9.59
MC,2023-12-18,7.36,2.21,5.15
ME,2023-12-18,0.20,0.06,0.14
NL,2023-12-18,462.46,138.74,323.72
NZ,2023-12-18,53.96,16.19,37.77
NO,2023-12-18,234.96,70.49,164.47
PL,2023-12-18,92.29,27.69,64.60
PT,2023-12-18,122.74,36.82,85.92
QA,2023-12-18,6.03,1.81,4.22
RS,2023-12-18,3.47,1.04,2.43
SG,2023-12-18,166.59,49.98,116.61
SK,2023-12-18,21.67,6.50,15.17
SI,2023-12-18,16.35,4.91,11.45
ES,2023-12-18,355.25,106.58,248.68
SE,2023-12-18,7899.93,2369.98,5529.95
CH,2023-12-18,427.40,128.22,299.18
TW,2023-12-18,58.66,17.60,41.06
TR,2023-12-18,12.57,3.77,8.80
AE,2023-12-18,150.34,45.10,105.24
GB,2023-12-18,2182.40,654.72,1527.68
US,2023-12-18,12217.41,3665.22,8552.19
AL,2023-12-19,40.75,12.22,28.52
AD,2023-12-19,2.54,0.76,1.78
AU,2023-12-19,1262.30,378.69,883.61
AT,2023-12-19,230.45,69.14,161.32
BH,2023-12-19,5.08,1.52,3.56
BE,2023-12-19,444.44,133.33,311.11
BA,2023-12-19,153.43,46.03,107.40
BG,2023-12-19,16.87,5.06,11.81
CA,2023-12-19,1247.87,374.36,873.51
HR,2023-12-19,116.24,34.87,81.37
CY,2023-12-19,71.84,21.55,50.29
CZ,2023-12-19,186.05,55.81,130.23
DK,2023-12-19,528.27,158.48,369.79
EE,2023-12-19,58.32,17.50,40.83
FO,2023-12-19,0.30,0.09,0.21
FI,2023-12-19,220.90,66.27,154.63
FR,2023-12-19,1031.03,309.31,721.72
DE,2023-12-19,1124.51,337.35,787.16
GI,2023-12-19,1.93,0.58,1.35
GR,2023-12-19,242.03,72.61,169.42
GG,2023-12-19,4.37,1.31,3.06
HK,2023-12-19,304.73,91.42,213.31
HU,2023-12-19,72.35,21.70,50.64
IS,2023-12-19,60.15,18.05,42.11
IE,2023-12-19,160.34,48.10,112.24
IM,2023-12-19,4.27,1.28,2.99
IL,2023-12-19,23.37,7.01,16.36
IT,2023-12-19,538.33,161.50,376.83
JP,2023-12-19,145.91,43.77,102.14
JE,2023-12-19,4.98,1.49,3.49
KR,2023-12-19,100.49,30.15,70.34
RS,2023-12-19,58.43,17.53,40.90
KW,2023-12-19,22.15,6.65,15.51
LV,2023-12-19,65.74,19.72,46.02
LI,2023-12-19,1.52,0.46,1.07
LT,2023-12-19,68.99,20.70,48.30
LU,2023-12-19,33.12,9.94,23.19
MO,2023-12-19,3.66,1.10,2.56
MK,2023-12-19,53.45,16.03,37.41
MT,2023-12-19,29.06,8.72,20.34
MD,2023-12-19,31.50,9.45,22.05
MC,2023-12-19,11.79,3.54,8.25
ME,2023-12-19,36.48,10.94,25.53
NL,2023-12-19,637.40,191.22,446.18
NZ,2023-12-19,189.60,56.88,132.72
NO,2023-12-19,356.24,106.87,249.37
OM,2023-12-19,12.60,3.78,8.82
PL,2023-12-19,151.91,45.57,106.33
PT,2023-12-19,233.60,70.08,163.52
QA,2023-12-19,61.47,18.44,43.03
RO,2023-12-19,25.91,7.77,18.14
SM,2023-12-19,0.91,0.27,0.64
SA,2023-12-19,28.35,8.50,19.84
RS,2023-12-19,72.75,21.83,50.93
SG,2023-12-19,360.82,108.24,252.57
SK,2023-12-19,35.66,10.70,24.97
SI,2023-12-19,35.06,10.52,24.54
ZA,2023-12-19,132.70,39.81,92.89
ES,2023-12-19,601.73,180.52,421.21
SJ,2023-12-19,0.10,0.03,0.07
SE,2023-12-19,6586.84,1976.05,4610.79
CH,2023-12-19,393.13,117.94,275.19
TW,2023-12-19,249.96,74.99,174.97
TR,2023-12-19,7.42,2.23,5.19
AE,2023-12-19,329.22,98.76,230.45
GB,2023-12-19,2878.80,863.64,2015.16
US,2023-12-19,12348.92,3704.68,8644.24
AL,2023-12-20,64.19,19.26,44.93
AD,2023-12-20,4.98,1.50,3.49
AU,2023-12-20,1194.51,358.35,836.16
AT,2023-12-20,104.27,31.28,72.99
BH,2023-12-20,4.07,1.22,2.85
BE,2023-12-20,260.94,78.28,182.66
BA,2023-12-20,409.56,122.87,286.69
BG,2023-12-20,19.02,5.71,13.32
CA,2023-12-20,845.47,253.64,591.83
HR,2023-12-20,98.78,29.63,69.15
CY,2023-12-20,77.82,23.35,54.48
CZ,2023-12-20,140.18,42.06,98.13
DK,2023-12-20,255.24,76.57,178.67
EE,2023-12-20,43.54,13.06,30.48
FO,2023-12-20,1.22,0.37,0.85
FI,2023-12-20,124.21,37.26,86.95
FR,2023-12-20,653.82,196.14,457.67
DE,2023-12-20,505.80,151.74,354.06
GI,2023-12-20,1.63,0.49,1.14
GR,2023-12-20,211.39,63.42,147.98
GG,2023-12-20,2.24,0.67,1.57
HK,2023-12-20,382.61,114.78,267.82
HU,2023-12-20,41.51,12.45,29.05
IS,2023-12-20,26.14,7.84,18.30
IE,2023-12-20,109.46,32.84,76.62
IM,2023-12-20,5.90,1.77,4.13
IT,2023-12-20,402.24,120.67,281.57
JP,2023-12-20,203.36,61.01,142.35
JE,2023-12-20,3.66,1.10,2.56
KR,2023-12-20,130.72,39.22,91.51
RS,2023-12-20,83.42,25.03,58.39
KW,2023-12-20,11.39,3.42,7.98
LV,2023-12-20,38.25,11.48,26.78
LI,2023-12-20,0.41,0.12,0.28
LT,2023-12-20,38.86,11.66,27.20
LU,2023-12-20,24.92,7.48,17.45
MO,2023-12-20,4.58,1.37,3.20
MK,2023-12-20,109.56,32.87,76.69
MT,2023-12-20,19.53,5.86,13.67
MD,2023-12-20,45.98,13.79,32.19
MC,2023-12-20,9.36,2.81,6.55
ME,2023-12-20,44.76,13.43,31.33
NL,2023-12-20,389.01,116.70,272.31
NZ,2023-12-20,182.71,54.81,127.89
NO,2023-12-20,198.78,59.63,139.15
OM,2023-12-20,17.90,5.37,12.53
PL,2023-12-20,98.07,29.42,68.65
PT,2023-12-20,172.64,51.79,120.84
QA,2023-12-20,65.82,19.75,46.07
RO,2023-12-20,17.70,5.31,12.39
SM,2023-12-20,0.81,0.24,0.57
SA,2023-12-20,85.05,25.51,59.53
RS,2023-12-20,158.70,47.61,111.09
SG,2023-12-20,441.40,132.42,308.98
SK,2023-12-20,25.13,7.54,17.59
SI,2023-12-20,19.02,5.71,13.32
ZA,2023-12-20,70.70,21.21,49.49
ES,2023-12-20,411.60,123.48,288.12
SJ,2023-12-20,0.31,0.09,0.21
SE,2023-12-20,3624.73,1087.42,2537.31
CH,2023-12-20,161.55,48.46,113.08
TW,2023-12-20,350.36,105.11,245.25
AE,2023-12-20,267.96,80.39,187.57
GB,2023-12-20,1309.16,392.75,916.41
US,2023-12-20,5080.78,1524.23,3556.55
AL,2023-12-21,118.67,35.60,83.07
AD,2023-12-21,7.47,2.24,5.23
AG,2023-12-21,1.21,0.36,0.85
AW,2023-12-21,0.50,0.15,0.35
AU,2023-12-21,2751.64,825.49,1926.15
AT,2023-12-21,416.95,125.08,291.86
AZ,2023-12-21,0.81,0.24,0.57
BH,2023-12-21,19.37,5.81,13.56
BB,2023-12-21,1.31,0.39,0.92
BY,2023-12-21,3.33,1.00,2.33
BE,2023-12-21,745.60,223.68,521.92
BA,2023-12-21,357.62,107.28,250.33
BG,2023-12-21,59.33,17.80,41.53
CA,2023-12-21,1438.33,431.50,1006.83
KY,2023-12-21,6.96,2.09,4.87
HR,2023-12-21,197.58,59.27,138.30
CY,2023-12-21,79.41,23.82,55.59
CZ,2023-12-21,378.20,113.46,264.74
DK,2023-12-21,1143.08,342.92,800.15
EE,2023-12-21,99.90,29.97,69.93
FO,2023-12-21,3.03,0.91,2.12
FI,2023-12-21,358.12,107.44,250.68
FR,2023-12-21,2047.11,614.13,1432.97
DE,2023-12-21,3259.20,977.76,2281.44
GI,2023-12-21,4.74,1.42,3.32
GR,2023-12-21,407.77,122.33,285.44
GG,2023-12-21,9.28,2.79,6.50
HK,2023-12-21,307.36,92.21,215.15
HU,2023-12-21,105.35,31.60,73.74
IS,2023-12-21,92.43,27.73,64.70
IE,2023-12-21,359.73,107.92,251.81
IM,2023-12-21,12.51,3.75,8.76
IL,2023-12-21,167.00,50.10,116.90
IT,2023-12-21,916.54,274.96,641.58
JP,2023-12-21,207.06,62.12,144.94
JE,2023-12-21,17.96,5.39,12.57
KR,2023-12-21,175.48,52.64,122.83
RS,2023-12-21,100.10,30.03,70.07
KW,2023-12-21,114.03,34.21,79.82
LV,2023-12-21,97.88,29.36,68.52
LI,2023-12-21,9.69,2.91,6.78
LT,2023-12-21,121.59,36.48,85.12
LU,2023-12-21,72.86,21.86,51.00
MO,2023-12-21,2.22,0.67,1.55
MK,2023-12-21,130.57,39.17,91.40
MT,2023-12-21,27.55,8.26,19.28
MD,2023-12-21,42.18,12.65,29.53
MC,2023-12-21,22.20,6.66,15.54
ME,2023-12-21,47.12,14.14,32.99
NL,2023-12-21,1334.40,400.32,934.08
NZ,2023-12-21,233.50,70.05,163.45
NO,2023-12-21,619.47,185.84,433.63
OM,2023-12-21,29.06,8.72,20.34
PL,2023-12-21,318.77,95.63,223.14
PT,2023-12-21,379.21,113.76,265.45
QA,2023-12-21,75.98,22.79,53.19
RO,2023-12-21,88.50,26.55,61.95
#N/A,2023-12-21,0.40,0.12,0.28
SM,2023-12-21,2.22,0.67,1.55
SA,2023-12-21,90.72,27.21,63.50
RS,2023-12-21,192.83,57.85,134.98
SG,2023-12-21,359.84,107.95,251.88
SK,2023-12-21,90.21,27.06,63.15
SI,2023-12-21,65.39,19.62,45.77
ZA,2023-12-21,84.96,25.49,59.47
ES,2023-12-21,1292.93,387.88,905.05
SJ,2023-12-21,1.31,0.39,0.92
SE,2023-12-21,3526.21,1057.86,2468.34
CH,2023-12-21,784.76,235.43,549.33
TW,2023-12-21,184.05,55.22,128.84
TR,2023-12-21,435.92,130.78,305.14
#N/A,2023-12-21,0.81,0.24,0.57
AE,2023-12-21,602.11,180.63,421.48
GB,2023-12-21,6959.58,2087.87,4871.70
US,2023-12-21,12718.05,3815.42,8902.64
AL,2023-12-22,2.50,0.75,1.75
AD,2023-12-22,0.90,0.27,0.63
AG,2023-12-22,0.90,0.27,0.63
AW,2023-12-22,0.40,0.12,0.28
AU,2023-12-22,1154.38,346.31,808.07
AT,2023-12-22,224.33,67.30,157.03
AZ,2023-12-22,0.30,0.09,0.21
BH,2023-12-22,8.61,2.58,6.03
BB,2023-12-22,0.90,0.27,0.63
BY,2023-12-22,1.90,0.57,1.33
BE,2023-12-22,396.08,118.82,277.25
BA,2023-12-22,2.60,0.78,1.82
BG,2023-12-22,19.63,5.89,13.74
CA,2023-12-22,296.13,88.84,207.29
KY,2023-12-22,4.11,1.23,2.87
HR,2023-12-22,100.25,30.07,70.17
CY,2023-12-22,44.26,13.28,30.99
CZ,2023-12-22,193.08,57.92,135.16
DK,2023-12-22,480.30,144.09,336.21
EE,2023-12-22,98.74,29.62,69.12
FO,2023-12-22,1.80,0.54,1.26
FI,2023-12-22,204.40,61.32,143.08
FR,2023-12-22,795.76,238.73,557.03
DE,2023-12-22,1481.56,444.47,1037.09
GI,2023-12-22,1.40,0.42,0.98
GR,2023-12-22,195.08,58.53,136.56
GG,2023-12-22,4.11,1.23,2.87
HK,2023-12-22,364.33,109.30,255.03
HU,2023-12-22,50.87,15.26,35.61
IS,2023-12-22,47.67,14.30,33.37
IE,2023-12-22,183.47,55.04,128.43
IM,2023-12-22,3.71,1.11,2.59
IL,2023-12-22,86.53,25.96,60.57
IT,2023-12-22,423.52,127.06,296.46
JP,2023-12-22,184.37,55.31,129.06
JE,2023-12-22,6.11,1.83,4.28
KR,2023-12-22,121.98,36.59,85.38
RS,2023-12-22,1.80,0.54,1.26
KW,2023-12-22,65.60,19.68,45.92
LV,2023-12-22,68.10,20.43,47.67
LI,2023-12-22,3.91,1.17,2.73
LT,2023-12-22,101.45,30.43,71.01
LU,2023-12-22,38.96,11.69,27.27
MO,2023-12-22,4.41,1.32,3.08
MK,2023-12-22,2.40,0.72,1.68
MT,2023-12-22,20.53,6.16,14.37
MD,2023-12-22,2.20,0.66,1.54
MC,2023-12-22,19.03,5.71,13.32
ME,2023-12-22,4.01,1.20,2.80
NL,2023-12-22,677.59,203.28,474.31
NZ,2023-12-22,90.53,27.16,63.37
NO,2023-12-22,248.16,74.45,173.71
OM,2023-12-22,4.81,1.44,3.36
PL,2023-12-22,122.58,36.77,85.81
PT,2023-12-22,188.88,56.66,132.21
QA,2023-12-22,31.25,9.37,21.87
RO,2023-12-22,31.65,9.49,22.15
#N/A,2023-12-22,0.20,0.06,0.14
SM,2023-12-22,0.50,0.15,0.35
SA,2023-12-22,3.91,1.17,2.73
RS,2023-12-22,34.55,10.37,24.19
SG,2023-12-22,432.13,129.64,302.49
SK,2023-12-22,30.64,9.19,21.45
SI,2023-12-22,35.05,10.52,24.54
ZA,2023-12-22,32.75,9.82,22.92
ES,2023-12-22,625.11,187.53,437.58
SJ,2023-12-22,1.30,0.39,0.91
SE,2023-12-22,825.60,247.68,577.92
CH,2023-12-22,425.52,127.66,297.86
TW,2023-12-22,130.39,39.12,91.27
TR,2023-12-22,169.05,50.71,118.33
#N/A,2023-12-22,0.60,0.18,0.42
AE,2023-12-22,230.64,69.19,161.45
GB,2023-12-22,3374.62,1012.39,2362.23
US,2023-12-22,10778.21,3233.46,7544.75
AL,2023-12-23,1.00,0.30,0.70
AD,2023-12-23,0.50,0.15,0.35
AG,2023-12-23,0.10,0.03,0.07
AW,2023-12-23,0.20,0.06,0.14
AU,2023-12-23,537.90,161.37,376.53
AT,2023-12-23,129.64,38.89,90.75
AZ,2023-12-23,0.10,0.03,0.07
BH,2023-12-23,8.41,2.52,5.89
BB,2023-12-23,0.50,0.15,0.35
BY,2023-12-23,1.40,0.42,0.98
BE,2023-12-23,182.70,54.81,127.89
BA,2023-12-23,0.50,0.15,0.35
BG,2023-12-23,5.91,1.77,4.13
CA,2023-12-23,218.04,65.41,152.63
KY,2023-12-23,2.20,0.66,1.54
HR,2023-12-23,41.85,12.55,29.29
CY,2023-12-23,14.72,4.41,10.30
CZ,2023-12-23,96.11,28.83,67.27
DK,2023-12-23,326.96,98.09,228.87
EE,2023-12-23,47.05,14.12,32.94
FO,2023-12-23,0.10,0.03,0.07
FI,2023-12-23,128.04,38.41,89.63
FR,2023-12-23,414.56,124.37,290.19
DE,2023-12-23,807.70,242.31,565.39
GI,2023-12-23,0.50,0.15,0.35
GR,2023-12-23,94.20,28.26,65.94
GG,2023-12-23,4.50,1.35,3.15
HK,2023-12-23,181.30,54.39,126.91
HU,2023-12-23,21.72,6.52,15.21
IS,2023-12-23,25.33,7.60,17.73
IE,2023-12-23,112.12,33.64,78.49
IM,2023-12-23,1.20,0.36,0.84
IL,2023-12-23,119.33,35.80,83.53
IT,2023-12-23,202.32,60.70,141.63
JP,2023-12-23,169.79,50.94,118.85
JE,2023-12-23,1.80,0.54,1.26
KR,2023-12-23,94.30,28.29,66.01
RS,2023-12-23,0.90,0.27,0.63
KW,2023-12-23,60.07,18.02,42.05
LV,2023-12-23,36.74,11.02,25.72
LI,2023-12-23,0.40,0.12,0.28
LT,2023-12-23,111.12,33.34,77.79
LU,2023-12-23,20.52,6.16,14.37
MO,2023-12-23,2.30,0.69,1.61
MK,2023-12-23,1.60,0.48,1.12
MT,2023-12-23,12.91,3.87,9.04
MD,2023-12-23,1.20,0.36,0.84
MC,2023-12-23,10.31,3.09,7.22
ME,2023-12-23,2.00,0.60,1.40
NL,2023-12-23,436.58,130.98,305.61
NZ,2023-12-23,47.85,14.36,33.50
NO,2023-12-23,161.68,48.50,113.18
OM,2023-12-23,2.80,0.84,1.96
PL,2023-12-23,64.87,19.46,45.41
PT,2023-12-23,94.10,28.23,65.87
QA,2023-12-23,32.94,9.88,23.06
RO,2023-12-23,22.42,6.73,15.70
#N/A,2023-12-23,0.30,0.09,0.21
SM,2023-12-23,0.30,0.09,0.21
SA,2023-12-23,4.10,1.23,2.87
RS,2023-12-23,15.92,4.78,11.14
SG,2023-12-23,204.43,61.33,143.10
SK,2023-12-23,15.72,4.72,11.00
SI,2023-12-23,15.92,4.78,11.14
ZA,2023-12-23,10.81,3.24,7.57
ES,2023-12-23,307.24,92.17,215.07
SJ,2023-12-23,0.80,0.24,0.56
SE,2023-12-23,3700.50,1110.15,2590.35
CH,2023-12-23,199.62,59.89,139.73
TW,2023-12-23,93.60,28.08,65.52
TR,2023-12-23,73.48,22.04,51.44
#N/A,2023-12-23,0.10,0.03,0.07
AE,2023-12-23,131.95,39.58,92.36
GB,2023-12-23,1535.50,460.65,1074.85
US,2023-12-23,8047.22,2414.17,5633.06
AL,2023-12-24,2.70,0.81,1.89
AD,2023-12-24,1.30,0.39,0.91
AG,2023-12-24,1.30,0.39,0.91
AW,2023-12-24,0.80,0.24,0.56
AU,2023-12-24,824.67,247.40,577.27
AT,2023-12-24,208.92,62.68,146.24
AZ,2023-12-24,0.10,0.03,0.07
BH,2023-12-24,10.50,3.15,7.35
BB,2023-12-24,0.80,0.24,0.56
BY,2023-12-24,4.20,1.26,2.94
BE,2023-12-24,279.52,83.86,195.67
BA,2023-12-24,2.60,0.78,1.82
BG,2023-12-24,15.20,4.56,10.64
CA,2023-12-24,389.93,116.98,272.95
KY,2023-12-24,4.40,1.32,3.08
HR,2023-12-24,87.21,26.16,61.04
CY,2023-12-24,22.10,6.63,15.47
CZ,2023-12-24,165.91,49.77,116.14
DK,2023-12-24,330.23,99.07,231.16
EE,2023-12-24,72.61,21.78,50.82
FO,2023-12-24,0.70,0.21,0.49
FI,2023-12-24,221.22,66.37,154.85
FR,2023-12-24,626.55,187.97,438.59
DE,2023-12-24,1139.09,341.73,797.36
GI,2023-12-24,1.20,0.36,0.84
GR,2023-12-24,159.31,47.79,111.52
GG,2023-12-24,3.00,0.90,2.10
HK,2023-12-24,318.03,95.41,222.62
HU,2023-12-24,38.60,11.58,27.02
IS,2023-12-24,47.10,14.13,32.97
IE,2023-12-24,193.62,58.08,135.53
IM,2023-12-24,2.60,0.78,1.82
IL,2023-12-24,146.71,44.01,102.70
IT,2023-12-24,373.13,111.94,261.19
JP,2023-12-24,406.23,121.87,284.36
JE,2023-12-24,6.60,1.98,4.62
KR,2023-12-24,191.02,57.30,133.71
RS,2023-12-24,1.80,0.54,1.26
KW,2023-12-24,82.51,24.75,57.75
LV,2023-12-24,62.71,18.81,43.89
LI,2023-12-24,1.50,0.45,1.05
LT,2023-12-24,65.81,19.74,46.06
LU,2023-12-24,27.10,8.13,18.97
MO,2023-12-24,3.60,1.08,2.52
MK,2023-12-24,1.90,0.57,1.33
MT,2023-12-24,15.30,4.59,10.71
MD,2023-12-24,2.70,0.81,1.89
MC,2023-12-24,14.40,4.32,10.08
ME,2023-12-24,4.00,1.20,2.80
NL,2023-12-24,726.56,217.97,508.59
NZ,2023-12-24,88.41,26.52,61.88
NO,2023-12-24,218.52,65.56,152.96
OM,2023-12-24,3.10,0.93,2.17
PL,2023-12-24,111.21,33.36,77.85
PT,2023-12-24,140.61,42.18,98.43
QA,2023-12-24,36.00,10.80,25.20
RO,2023-12-24,36.90,11.07,25.83
#N/A,2023-12-24,0.40,0.12,0.28
SM,2023-12-24,0.30,0.09,0.21
SA,2023-12-24,4.00,1.20,2.80
RS,2023-12-24,28.80,8.64,20.16
SG,2023-12-24,383.23,114.97,268.26
SK,2023-12-24,34.00,10.20,23.80
SI,2023-12-24,24.60,7.38,17.22
ZA,2023-12-24,34.10,10.23,23.87
ES,2023-12-24,529.14,158.74,370.40
SJ,2023-12-24,0.90,0.27,0.63
SE,2023-12-24,7364.59,2209.38,5155.21
CH,2023-12-24,379.53,113.86,265.67
TW,2023-12-24,251.82,75.55,176.27
TR,2023-12-24,176.01,52.80,123.21
#N/A,2023-12-24,0.70,0.21,0.49
AE,2023-12-24,198.22,59.46,138.75
GB,2023-12-24,2470.90,741.27,1729.63
US,2023-12-24,10305.92,3091.78,7214.15
AL,2023-12-25,2.50,0.75,1.75
AD,2023-12-25,1.10,0.33,0.77
AG,2023-12-25,1.10,0.33,0.77
AW,2023-12-25,1.00,0.30,0.70
AU,2023-12-25,714.40,214.32,500.08
AT,2023-12-25,244.36,73.31,171.06
AZ,2023-12-25,0.40,0.12,0.28
BH,2023-12-25,10.19,3.06,7.14
BB,2023-12-25,1.00,0.30,0.70
BY,2023-12-25,5.60,1.68,3.92
BE,2023-12-25,319.22,95.77,223.46
BA,2023-12-25,3.50,1.05,2.45
BG,2023-12-25,14.39,4.32,10.07
CA,2023-12-25,273.45,82.03,191.41
KY,2023-12-25,4.10,1.23,2.87
HR,2023-12-25,92.45,27.73,64.71
CY,2023-12-25,29.18,8.76,20.43
CZ,2023-12-25,204.59,61.38,143.21
DK,2023-12-25,629.85,188.96,440.90
EE,2023-12-25,76.96,23.09,53.87
FO,2023-12-25,1.00,0.30,0.70
FI,2023-12-25,339.81,101.94,237.87
FR,2023-12-25,833.04,249.91,583.13
DE,2023-12-25,1160.66,348.20,812.46
GI,2023-12-25,2.10,0.63,1.47
GR,2023-12-25,176.80,53.04,123.76
GG,2023-12-25,2.20,0.66,1.54
HK,2023-12-25,266.25,79.88,186.38
HU,2023-12-25,46.57,13.97,32.60
IS,2023-12-25,48.97,14.69,34.28
IE,2023-12-25,206.69,62.01,144.68
IM,2023-12-25,3.20,0.96,2.24
IL,2023-12-25,94.55,28.36,66.18
IT,2023-12-25,373.29,111.99,261.30
JP,2023-12-25,353.60,106.08,247.52
JE,2023-12-25,7.90,2.37,5.53
KR,2023-12-25,244.16,73.25,170.92
RS,2023-12-25,2.70,0.81,1.89
KW,2023-12-25,71.06,21.32,49.74
LV,2023-12-25,69.76,20.93,48.83
LI,2023-12-25,1.40,0.42,0.98
LT,2023-12-25,130.63,39.19,91.44
LU,2023-12-25,36.18,10.85,25.33
MO,2023-12-25,6.10,1.83,4.27
MK,2023-12-25,2.20,0.66,1.54
MT,2023-12-25,15.59,4.68,10.91
MD,2023-12-25,4.00,1.20,2.80
MC,2023-12-25,13.09,3.93,9.16
ME,2023-12-25,3.70,1.11,2.59
NL,2023-12-25,554.09,166.23,387.86
NZ,2023-12-25,87.85,26.36,61.50
NO,2023-12-25,405.67,121.70,283.97
OM,2023-12-25,2.50,0.75,1.75
PL,2023-12-25,158.01,47.40,110.61
PT,2023-12-25,162.91,48.87,114.04
QA,2023-12-25,35.68,10.70,24.98
RO,2023-12-25,49.47,14.84,34.63
#N/A,2023-12-25,0.60,0.18,0.42
SM,2023-12-25,0.60,0.18,0.42
SA,2023-12-25,5.00,1.50,3.50
RS,2023-12-25,24.09,7.23,16.86
SG,2023-12-25,349.81,104.94,244.86
SK,2023-12-25,51.37,15.41,35.96
SI,2023-12-25,27.08,8.13,18.96
ZA,2023-12-25,30.08,9.02,21.06
ES,2023-12-25,658.53,197.56,460.97
SJ,2023-12-25,1.20,0.36,0.84
SE,2023-12-25,12024.82,3607.45,8417.38
CH,2023-12-25,384.89,115.47,269.42
TW,2023-12-25,211.38,63.41,147.97
TR,2023-12-25,136.62,40.99,95.64
#N/A,2023-12-25,0.60,0.18,0.42
AE,2023-12-25,195.59,58.68,136.91
GB,2023-12-25,2063.85,619.16,1444.70
US,2023-12-25,10984.70,3295.41,7689.29
AL,2023-12-26,2.10,0.63,1.47
AD,2023-12-26,2.00,0.60,1.40
AG,2023-12-26,1.10,0.33,0.77
AW,2023-12-26,0.90,0.27,0.63
AU,2023-12-26,1485.66,445.70,1039.96
AT,2023-12-26,247.71,74.31,173.40
AZ,2023-12-26,0.00,0.00,0.00
BH,2023-12-26,12.40,3.72,8.68
BB,2023-12-26,2.70,0.81,1.89
BY,2023-12-26,5.20,1.56,3.64
BE,2023-12-26,466.03,139.81,326.22
BA,2023-12-26,3.90,1.17,2.73
BG,2023-12-26,26.89,8.07,18.82
CA,2023-12-26,419.75,125.92,293.82
KY,2023-12-26,5.90,1.77,4.13
HR,2023-12-26,114.86,34.46,80.40
CY,2023-12-26,49.18,14.75,34.43
CZ,2023-12-26,229.12,68.74,160.38
DK,2023-12-26,869.69,260.91,608.78
EE,2023-12-26,90.17,27.05,63.12
FO,2023-12-26,1.00,0.30,0.70
FI,2023-12-26,416.55,124.96,291.58
FR,2023-12-26,1074.01,322.20,751.81
DE,2023-12-26,1233.75,370.13,863.63
GI,2023-12-26,2.80,0.84,1.96
GR,2023-12-26,291.19,87.36,203.84
GG,2023-12-26,3.70,1.11,2.59
HK,2023-12-26,345.47,103.64,241.83
HU,2023-12-26,76.57,22.97,53.60
IS,2023-12-26,71.27,21.38,49.89
IE,2023-12-26,338.48,101.54,236.93
IM,2023-12-26,5.90,1.77,4.13
IL,2023-12-26,116.06,34.82,81.24
IT,2023-12-26,553.20,165.96,387.24
JP,2023-12-26,466.93,140.08,326.85
JE,2023-12-26,11.60,3.48,8.12
KR,2023-12-26,209.32,62.80,146.53
RS,2023-12-26,1.30,0.39,0.91
KW,2023-12-26,83.67,25.10,58.57
LV,2023-12-26,82.97,24.89,58.08
LI,2023-12-26,1.90,0.57,1.33
LT,2023-12-26,94.37,28.31,66.06
LU,2023-12-26,37.59,11.28,26.31
MO,2023-12-26,10.00,3.00,7.00
MK,2023-12-26,3.40,1.02,2.38
MT,2023-12-26,25.79,7.74,18.05
MD,2023-12-26,3.30,0.99,2.31
MC,2023-12-26,11.00,3.30,7.70
ME,2023-12-26,4.10,1.23,2.87
NL,2023-12-26,605.48,181.64,423.84
NZ,2023-12-26,204.33,61.30,143.03
NO,2023-12-26,607.48,182.24,425.24
OM,2023-12-26,2.40,0.72,1.68
PL,2023-12-26,204.63,61.39,143.24
PT,2023-12-26,263.30,78.99,184.31
QA,2023-12-26,42.38,12.72,29.67
RO,2023-12-26,64.68,19.40,45.27
#N/A,2023-12-26,0.90,0.27,0.63
SM,2023-12-26,0.80,0.24,0.56
SA,2023-12-26,4.40,1.32,3.08
RS,2023-12-26,35.69,10.71,24.98
SG,2023-12-26,478.33,143.50,334.83
SK,2023-12-26,70.47,21.14,49.33
SI,2023-12-26,37.19,11.16,26.03
ZA,2023-12-26,35.59,10.68,24.91
ES,2023-12-26,881.98,264.59,617.39
SJ,2023-12-26,1.60,0.48,1.12
SE,2023-12-26,12463.09,3738.93,8724.16
CH,2023-12-26,373.76,112.13,261.64
TW,2023-12-26,178.74,53.62,125.11
TR,2023-12-26,152.94,45.88,107.06
#N/A,2023-12-26,1.30,0.39,0.91
AE,2023-12-26,233.32,69.99,163.32
GB,2023-12-26,3374.28,1012.28,2361.99
US,2023-12-26,18325.96,5497.79,12828.17
AL,2023-12-27,5.37,1.61,3.76
AD,2023-12-27,4.27,1.28,2.99
AG,2023-12-27,2.78,0.84,1.95
AW,2023-12-27,2.39,0.72,1.67
AU,2023-12-27,1441.73,432.52,1009.21
AT,2023-12-27,417.75,125.32,292.42
AZ,2023-12-27,0.00,0.00,0.00
BH,2023-12-27,23.46,7.04,16.42
BB,2023-12-27,6.56,1.97,4.59
BY,2023-12-27,11.83,3.55,8.28
BE,2023-12-27,529.89,158.97,370.92
BA,2023-12-27,9.25,2.77,6.47
BG,2023-12-27,51.30,15.39,35.91
CA,2023-12-27,492.70,147.81,344.89
KY,2023-12-27,8.25,2.48,5.78
HR,2023-12-27,144.15,43.25,100.91
CY,2023-12-27,65.71,19.71,46.00
CZ,2023-12-27,320.91,96.27,224.64
DK,2023-12-27,1313.38,394.01,919.37
EE,2023-12-27,114.23,34.27,79.96
FO,2023-12-27,3.78,1.13,2.64
FI,2023-12-27,580.79,174.24,406.55
FR,2023-12-27,1446.20,433.86,1012.34
DE,2023-12-27,1292.60,387.78,904.82
GI,2023-12-27,7.36,2.21,5.15
GR,2023-12-27,387.72,116.32,271.41
GG,2023-12-27,10.34,3.10,7.24
HK,2023-12-27,548.68,164.60,384.07
HU,2023-12-27,89.28,26.78,62.49
IS,2023-12-27,87.09,26.13,60.96
IE,2023-12-27,454.23,136.27,317.96
IM,2023-12-27,15.91,4.77,11.13
IL,2023-12-27,195.95,58.78,137.16
IT,2023-12-27,689.45,206.83,482.61
JP,2023-12-27,739.95,221.99,517.97
JE,2023-12-27,19.19,5.76,13.43
KR,2023-12-27,302.52,90.76,211.77
RS,2023-12-27,5.77,1.73,4.04
KW,2023-12-27,130.04,39.01,91.03
LV,2023-12-27,95.64,28.69,66.95
LI,2023-12-27,4.18,1.25,2.92
LT,2023-12-27,151.11,45.33,105.78
LU,2023-12-27,62.63,18.79,43.84
MO,2023-12-27,9.25,2.77,6.47
MK,2023-12-27,7.36,2.21,5.15
MT,2023-12-27,25.65,7.69,17.95
MD,2023-12-27,10.64,3.19,7.45
MC,2023-12-27,15.91,4.77,11.13
ME,2023-12-27,7.26,2.18,5.08
NL,2023-12-27,661.51,198.45,463.06
NZ,2023-12-27,223.59,67.08,156.51
NO,2023-12-27,854.38,256.31,598.07
OM,2023-12-27,4.77,1.43,3.34
PL,2023-12-27,304.71,91.41,213.30
PT,2023-12-27,359.49,107.85,251.64
QA,2023-12-27,39.37,11.81,27.56
RO,2023-12-27,103.79,31.14,72.65
#N/A,2023-12-27,2.29,0.69,1.60
SM,2023-12-27,0.89,0.27,0.63
SA,2023-12-27,5.07,1.52,3.55
RS,2023-12-27,57.86,17.36,40.50
SG,2023-12-27,822.47,246.74,575.73
SK,2023-12-27,115.22,34.57,80.66
SI,2023-12-27,59.45,17.84,41.62
ZA,2023-12-27,34.00,10.20,23.80
ES,2023-12-27,1280.28,384.08,896.19
SJ,2023-12-27,1.39,0.42,0.97
SE,2023-12-27,11633.74,3490.12,8143.62
CH,2023-12-27,330.46,99.14,231.32
TW,2023-12-27,255.70,76.71,178.99
TR,2023-12-27,223.98,67.20,156.79
#N/A,2023-12-27,2.78,0.84,1.95
AE,2023-12-27,441.51,132.45,309.05
GB,2023-12-27,3553.62,1066.09,2487.53
US,2023-12-27,22282.46,6684.74,15597.72
AL,2023-12-28,3.49,1.05,2.45
AD,2023-12-28,2.20,0.66,1.54
AG,2023-12-28,1.30,0.39,0.91
AW,2023-12-28,1.50,0.45,1.05
AU,2023-12-28,1395.16,418.55,976.61
AT,2023-12-28,374.14,112.24,261.90
AZ,2023-12-28,0.00,0.00,0.00
BH,2023-12-28,16.27,4.88,11.39
BB,2023-12-28,3.09,0.93,2.17
BY,2023-12-28,5.79,1.74,4.05
BE,2023-12-28,383.83,115.15,268.68
BA,2023-12-28,5.09,1.53,3.56
BG,2023-12-28,52.41,15.72,36.69
CA,2023-12-28,392.61,117.78,274.83
KY,2023-12-28,6.79,2.04,4.75
HR,2023-12-28,136.46,40.94,95.52
CY,2023-12-28,50.61,15.18,35.43
CZ,2023-12-28,229.80,68.94,160.86
DK,2023-12-28,944.25,283.27,660.97
EE,2023-12-28,80.76,24.23,56.53
FO,2023-12-28,2.20,0.66,1.54
FI,2023-12-28,432.14,129.64,302.50
FR,2023-12-28,1171.75,351.52,820.22
DE,2023-12-28,1397.75,419.33,978.43
GI,2023-12-28,2.89,0.87,2.03
GR,2023-12-28,324.53,97.36,227.17
GG,2023-12-28,4.49,1.35,3.14
HK,2023-12-28,416.77,125.03,291.74
HU,2023-12-28,89.24,26.77,62.47
IS,2023-12-28,57.40,17.22,40.18
IE,2023-12-28,331.42,99.43,231.99
IM,2023-12-28,7.99,2.40,5.59
IL,2023-12-28,145.55,43.66,101.88
IT,2023-12-28,531.97,159.59,372.38
JP,2023-12-28,701.57,210.47,491.10
JE,2023-12-28,10.08,3.02,7.06
KR,2023-12-28,407.39,122.22,285.17
RS,2023-12-28,3.89,1.17,2.73
KW,2023-12-28,73.87,22.16,51.71
LV,2023-12-28,88.54,26.56,61.98
LI,2023-12-28,2.80,0.84,1.96
LT,2023-12-28,136.16,40.85,95.31
LU,2023-12-28,53.81,16.14,37.66
MO,2023-12-28,6.39,1.92,4.47
MK,2023-12-28,3.99,1.20,2.80
MT,2023-12-28,20.46,6.14,14.32
MD,2023-12-28,3.89,1.17,2.73
MC,2023-12-28,13.48,4.04,9.43
ME,2023-12-28,5.89,1.77,4.12
NL,2023-12-28,681.01,204.30,476.71
NZ,2023-12-28,192.06,57.62,134.44
NO,2023-12-28,542.85,162.85,379.99
OM,2023-12-28,3.69,1.11,2.59
PL,2023-12-28,264.94,79.48,185.46
PT,2023-12-28,305.66,91.70,213.97
QA,2023-12-28,49.01,14.70,34.31
RO,2023-12-28,104.12,31.24,72.88
#N/A,2023-12-28,1.20,0.36,0.84
SM,2023-12-28,0.50,0.15,0.35
SA,2023-12-28,11.28,3.38,7.90
RS,2023-12-28,38.53,11.56,26.97
SG,2023-12-28,688.49,206.55,481.95
SK,2023-12-28,91.84,27.55,64.29
SI,2023-12-28,45.62,13.69,31.93
ZA,2023-12-28,46.52,13.96,32.56
ES,2023-12-28,1049.66,314.90,734.76
SJ,2023-12-28,0.70,0.21,0.49
SE,2023-12-28,10807.57,3242.27,7565.30
CH,2023-12-28,360.07,108.02,252.05
TW,2023-12-28,187.17,56.15,131.02
TR,2023-12-28,161.12,48.34,112.78
#N/A,2023-12-28,1.40,0.42,0.98
AE,2023-12-28,306.26,91.88,214.38
GB,2023-12-28,4130.96,1239.29,2891.68
US,2023-12-28,19784.35,5935.30,13849.04
AL,2023-12-29,2.92,0.88,2.04
AD,2023-12-29,1.71,0.51,1.20
AG,2023-12-29,0.60,0.18,0.42
AW,2023-12-29,1.11,0.33,0.78
AU,2023-12-29,1607.31,482.19,1125.12
AT,2023-12-29,359.70,107.91,251.79
AZ,2023-12-29,0.20,0.06,0.14
BH,2023-12-29,11.48,3.44,8.04
BB,2023-12-29,1.41,0.42,0.99
BY,2023-12-29,3.02,0.91,2.12
BE,2023-12-29,407.14,122.14,285.00
BA,2023-12-29,3.12,0.94,2.19
BG,2023-12-29,37.57,11.27,26.30
CA,2023-12-29,617.96,185.39,432.57
KY,2023-12-29,4.23,1.27,2.96
HR,2023-12-29,102.14,30.64,71.50
CY,2023-12-29,39.08,11.72,27.36
CZ,2023-12-29,204.68,61.40,143.27
DK,2023-12-29,948.45,284.54,663.92
EE,2023-12-29,82.70,24.81,57.89
FO,2023-12-29,1.41,0.42,0.99
FI,2023-12-29,368.76,110.63,258.13
FR,2023-12-29,1101.05,330.32,770.74
DE,2023-12-29,2032.58,609.77,1422.81
GI,2023-12-29,2.62,0.79,1.83
GR,2023-12-29,241.24,72.37,168.87
GG,2023-12-29,2.62,0.79,1.83
HK,2023-12-29,269.04,80.71,188.33
HU,2023-12-29,69.20,20.76,48.44
IS,2023-12-29,48.95,14.69,34.27
IE,2023-12-29,320.62,96.18,224.43
IM,2023-12-29,4.53,1.36,3.17
IL,2023-12-29,100.22,30.07,70.16
IT,2023-12-29,451.36,135.41,315.95
JP,2023-12-29,279.22,83.76,195.45
JE,2023-12-29,9.17,2.75,6.42
KR,2023-12-29,160.16,48.05,112.11
RS,2023-12-29,2.32,0.70,1.62
KW,2023-12-29,35.86,10.76,25.10
LV,2023-12-29,89.14,26.74,62.40
LI,2023-12-29,1.31,0.39,0.92
LT,2023-12-29,126.01,37.80,88.21
LU,2023-12-29,48.65,14.60,34.06
MO,2023-12-29,4.33,1.30,3.03
MK,2023-12-29,1.71,0.51,1.20
MT,2023-12-29,18.84,5.65,13.19
MD,2023-12-29,3.22,0.97,2.26
MC,2023-12-29,9.97,2.99,6.98
ME,2023-12-29,8.96,2.69,6.28
NL,2023-12-29,902.32,270.70,631.62
NZ,2023-12-29,160.16,48.05,112.11
NO,2023-12-29,534.36,160.31,374.05
OM,2023-12-29,1.41,0.42,0.99
PL,2023-12-29,180.91,54.27,126.63
PT,2023-12-29,267.13,80.14,186.99
QA,2023-12-29,24.88,7.46,17.42
RO,2023-12-29,79.57,23.87,55.70
#N/A,2023-12-29,1.01,0.30,0.71
SM,2023-12-29,0.91,0.27,0.63
SA,2023-12-29,9.17,2.75,6.42
RS,2023-12-29,25.48,7.65,17.84
SG,2023-12-29,361.61,108.48,253.13
SK,2023-12-29,63.86,19.16,44.70
SI,2023-12-29,33.44,10.03,23.41
ZA,2023-12-29,54.09,16.23,37.86
ES,2023-12-29,842.59,252.78,589.81
SJ,2023-12-29,1.21,0.36,0.85
SE,2023-12-29,14389.43,4316.83,10072.60
CH,2023-12-29,573.44,172.03,401.41
TW,2023-12-29,108.08,32.42,75.66
TR,2023-12-29,140.72,42.21,98.50
#N/A,2023-12-29,0.71,0.21,0.49
AE,2023-12-29,211.93,63.58,148.35
GB,2023-12-29,6085.96,1825.79,4260.17
US,2023-12-29,18183.03,5454.91,12728.12
AL,2023-12-30,3.63,1.09,2.54
AD,2023-12-30,2.62,0.79,1.83
AG,2023-12-30,0.91,0.27,0.63
AW,2023-12-30,0.60,0.18,0.42
AU,2023-12-30,2939.33,881.80,2057.53
AT,2023-12-30,432.93,129.88,303.05
AZ,2023-12-30,0.30,0.09,0.21
BH,2023-12-30,13.40,4.02,9.38
BB,2023-12-30,2.82,0.85,1.97
BY,2023-12-30,2.42,0.73,1.69
BE,2023-12-30,561.86,168.56,393.30
BA,2023-12-30,6.25,1.87,4.37
BG,2023-12-30,61.95,18.58,43.36
CA,2023-12-30,919.54,275.86,643.68
KY,2023-12-30,4.73,1.42,3.31
HR,2023-12-30,132.15,39.65,92.51
CY,2023-12-30,54.80,16.44,38.36
CZ,2023-12-30,275.89,82.77,193.12
DK,2023-12-30,1117.87,335.36,782.51
EE,2023-12-30,128.43,38.53,89.90
FO,2023-12-30,3.42,1.03,2.40
FI,2023-12-30,423.36,127.01,296.35
FR,2023-12-30,1639.24,491.77,1147.47
DE,2023-12-30,2952.22,885.67,2066.56
GI,2023-12-30,3.32,1.00,2.33
GR,2023-12-30,310.04,93.01,217.03
GG,2023-12-30,6.04,1.81,4.23
HK,2023-12-30,443.60,133.08,310.52
HU,2023-12-30,82.90,24.87,58.03
IS,2023-12-30,79.17,23.75,55.42
IE,2023-12-30,336.23,100.87,235.36
IM,2023-12-30,4.43,1.33,3.10
IL,2023-12-30,193.60,58.08,135.52
IT,2023-12-30,565.89,169.77,396.12
JP,2023-12-30,472.81,141.84,330.97
JE,2023-12-30,12.89,3.87,9.03
KR,2023-12-30,406.94,122.08,284.86
RS,2023-12-30,3.02,0.91,2.12
KW,2023-12-30,54.80,16.44,38.36
LV,2023-12-30,112.71,33.81,78.90
LI,2023-12-30,2.01,0.60,1.41
LT,2023-12-30,270.45,81.14,189.32
LU,2023-12-30,58.62,17.59,41.04
MO,2023-12-30,5.94,1.78,4.16
MK,2023-12-30,3.02,0.91,2.12
MT,2023-12-30,21.15,6.35,14.81
MD,2023-12-30,9.47,2.84,6.63
MC,2023-12-30,16.42,4.93,11.49
ME,2023-12-30,7.86,2.36,5.50
NL,2023-12-30,1367.98,410.39,957.59
NZ,2023-12-30,168.72,50.62,118.10
NO,2023-12-30,598.52,179.56,418.97
OM,2023-12-30,1.91,0.57,1.34
PL,2023-12-30,303.49,91.05,212.44
PT,2023-12-30,306.72,92.01,214.70
QA,2023-12-30,34.15,10.24,23.90
RO,2023-12-30,102.84,30.85,71.99
#N/A,2023-12-30,1.31,0.39,0.92
SM,2023-12-30,0.40,0.12,0.28
SA,2023-12-30,19.04,5.71,13.33
RS,2023-12-30,42.00,12.60,29.40
SG,2023-12-30,653.72,196.12,457.61
SK,2023-12-30,98.31,29.49,68.82
SI,2023-12-30,43.92,13.18,30.74
ZA,2023-12-30,79.98,23.99,55.98
ES,2023-12-30,1106.49,331.95,774.54
SJ,2023-12-30,2.82,0.85,1.97
SE,2023-12-30,20616.80,6185.04,14431.76
CH,2023-12-30,794.54,238.36,556.18
TW,2023-12-30,205.79,61.74,144.05
TR,2023-12-30,245.67,73.70,171.97
#N/A,2023-12-30,0.81,0.24,0.56
AE,2023-12-30,288.08,86.42,201.66
GB,2023-12-30,8965.86,2689.76,6276.10
US,2023-12-30,20895.62,6268.69,14626.93
AL,2023-12-31,7.36,2.21,5.16
AD,2023-12-31,2.72,0.82,1.91
AG,2023-12-31,1.21,0.36,0.85
AW,2023-12-31,0.50,0.15,0.35
AU,2023-12-31,1716.13,514.84,1201.29
AT,2023-12-31,357.03,107.11,249.92
AZ,2023-12-31,1.01,0.30,0.71
BH,2023-12-31,13.32,3.99,9.32
BB,2023-12-31,2.52,0.76,1.77
BY,2023-12-31,5.95,1.79,4.17
BE,2023-12-31,465.68,139.70,325.97
BA,2023-12-31,8.17,2.45,5.72
BG,2023-12-31,67.79,20.34,47.46
CA,2023-12-31,999.76,299.93,699.83
KY,2023-12-31,6.76,2.03,4.73
HR,2023-12-31,124.19,37.26,86.93
CY,2023-12-31,46.31,13.89,32.41
CZ,2023-12-31,247.27,74.18,173.09
DK,2023-12-31,676.93,203.08,473.85
EE,2023-12-31,117.93,35.38,82.55
FO,2023-12-31,1.21,0.36,0.85
FI,2023-12-31,398.89,119.67,279.23
FR,2023-12-31,1167.93,350.38,817.55
DE,2023-12-31,1575.19,472.56,1102.64
GI,2023-12-31,1.61,0.48,1.13
GR,2023-12-31,285.50,85.65,199.85
GG,2023-12-31,4.24,1.27,2.97
HK,2023-12-31,442.88,132.86,310.01
HU,2023-12-31,92.41,27.72,64.69
IS,2023-12-31,44.69,13.41,31.28
IE,2023-12-31,320.51,96.15,224.35
IM,2023-12-31,3.73,1.12,2.61
IL,2023-12-31,156.27,46.88,109.39
IT,2023-12-31,560.61,168.18,392.43
JP,2023-12-31,789.51,236.85,552.66
JE,2023-12-31,11.30,3.39,7.91
KR,2023-12-31,650.70,195.21,455.49
RS,2023-12-31,4.44,1.33,3.11
KW,2023-12-31,60.13,18.04,42.09
LV,2023-12-31,94.43,28.33,66.10
LI,2023-12-31,3.53,1.06,2.47
LT,2023-12-31,233.95,70.18,163.76
LU,2023-12-31,48.52,14.56,33.97
MO,2023-12-31,6.66,2.00,4.66
MK,2023-12-31,6.15,1.85,4.31
MT,2023-12-31,18.87,5.66,13.21
MD,2023-12-31,12.81,3.84,8.97
MC,2023-12-31,17.96,5.39,12.57
ME,2023-12-31,12.71,3.81,8.90
NL,2023-12-31,788.81,236.64,552.17
NZ,2023-12-31,166.96,50.09,116.87
NO,2023-12-31,550.12,165.04,385.08
OM,2023-12-31,3.93,1.18,2.75
PL,2023-12-31,305.58,91.67,213.90
PT,2023-12-31,275.51,82.65,192.86
QA,2023-12-31,36.62,10.99,25.63
RO,2023-12-31,118.64,35.59,83.05
#N/A,2023-12-31,1.61,0.48,1.13
SM,2023-12-31,0.71,0.21,0.49
SA,2023-12-31,16.24,4.87,11.37
RS,2023-12-31,49.53,14.86,34.67
SG,2023-12-31,670.47,201.14,469.33
SK,2023-12-31,98.87,29.66,69.21
SI,2023-12-31,55.28,16.59,38.70
ZA,2023-12-31,66.48,19.94,46.54
ES,2023-12-31,919.35,275.81,643.55
SJ,2023-12-31,0.91,0.27,0.64
SE,2023-12-31,9767.94,2930.38,6837.56
CH,2023-12-31,557.18,167.15,390.03
TW,2023-12-31,191.58,57.47,134.10
TR,2023-12-31,380.33,114.10,266.23
#N/A,2023-12-31,1.51,0.45,1.06
AE,2023-12-31,273.19,81.96,191.23
GB,2023-12-31,4948.84,1484.65,3464.19
US,2023-12-31,20116.67,6035.00,14081.67
AL,2024-01-01,8.86,2.66,6.20
AD,2024-01-01,3.22,0.97,2.26
AG,2024-01-01,0.10,0.03,0.07
AW,2024-01-01,0.20,0.06,0.14
AU,2024-01-01,1450.98,435.29,1015.69
AT,2024-01-01,375.33,112.60,262.73
AZ,2024-01-01,0.30,0.09,0.21
BH,2024-01-01,8.46,2.54,5.92
BB,2024-01-01,1.31,0.39,0.92
BY,2024-01-01,4.63,1.39,3.24
BE,2024-01-01,404.43,121.33,283.10
BA,2024-01-01,4.43,1.33,3.10
BG,2024-01-01,58.80,17.64,41.16
CA,2024-01-01,596.42,178.93,417.49
KY,2024-01-01,3.22,0.97,2.26
HR,2024-01-01,91.32,27.39,63.92
CY,2024-01-01,36.35,10.90,25.44
CZ,2024-01-01,255.12,76.54,178.58
DK,2024-01-01,926.75,278.02,648.72
EE,2024-01-01,114.67,34.40,80.27
FO,2024-01-01,2.11,0.63,1.48
FI,2024-01-01,377.04,113.11,263.93
FR,2024-01-01,1008.40,302.52,705.88
DE,2024-01-01,1737.62,521.28,1216.33
GI,2024-01-01,1.31,0.39,0.92
GR,2024-01-01,228.44,68.53,159.91
GG,2024-01-01,3.62,1.09,2.54
HK,2024-01-01,394.86,118.46,276.40
HU,2024-01-01,95.85,28.75,67.09
IS,2024-01-01,63.23,18.97,44.26
IE,2024-01-01,232.77,69.83,162.94
IM,2024-01-01,2.52,0.76,1.76
IL,2024-01-01,85.98,25.79,60.19
IT,2024-01-01,495.34,148.60,346.74
JP,2024-01-01,663.27,198.98,464.29
JE,2024-01-01,6.14,1.84,4.30
KR,2024-01-01,628.84,188.65,440.19
RS,2024-01-01,5.34,1.60,3.74
KW,2024-01-01,40.37,12.11,28.26
LV,2024-01-01,107.02,32.11,74.92
LI,2024-01-01,3.42,1.03,2.40
LT,2024-01-01,256.13,76.84,179.29
LU,2024-01-01,49.74,14.92,34.81
MO,2024-01-01,7.25,2.17,5.07
MK,2024-01-01,6.75,2.02,4.72
MT,2024-01-01,11.98,3.59,8.39
MD,2024-01-01,15.10,4.53,10.57
MC,2024-01-01,11.68,3.50,8.18
ME,2024-01-01,10.47,3.14,7.33
NL,2024-01-01,773.31,231.99,541.32
NZ,2024-01-01,131.49,39.45,92.04
NO,2024-01-01,535.91,160.77,375.14
OM,2024-01-01,1.91,0.57,1.34
PL,2024-01-01,306.47,91.94,214.53
PT,2024-01-01,223.91,67.17,156.74
QA,2024-01-01,23.96,7.19,16.77
RO,2024-01-01,113.16,33.95,79.21
#N/A,2024-01-01,0.70,0.21,0.49
SM,2024-01-01,0.50,0.15,0.35
SA,2024-01-01,16.51,4.95,11.56
RS,2024-01-01,51.35,15.40,35.94
SG,2024-01-01,517.59,155.28,362.31
SK,2024-01-01,92.83,27.85,64.98
SI,2024-01-01,48.43,14.53,33.90
ZA,2024-01-01,65.94,19.78,46.16
ES,2024-01-01,857.28,257.18,600.10
SJ,2024-01-01,0.70,0.21,0.49
SE,2024-01-01,11462.28,3438.68,8023.60
CH,2024-01-01,519.50,155.85,363.65
TW,2024-01-01,186.26,55.88,130.38
TR,2024-01-01,360.73,108.22,252.51
#N/A,2024-01-01,0.40,0.12,0.28
AE,2024-01-01,206.59,61.98,144.62
GB,2024-01-01,3724.81,1117.44,2607.37
US,2024-01-01,13895.79,4168.74,9727.05
AL,2024-01-02,8.88,2.66,6.22
AD,2024-01-02,1.53,0.46,1.07
AG,2024-01-02,0.20,0.06,0.14
AW,2024-01-02,0.41,0.12,0.29
AU,2024-01-02,1407.49,422.25,985.24
AT,2024-01-02,321.58,96.47,225.10
AZ,2024-01-02,0.31,0.09,0.21
BH,2024-01-02,8.68,2.60,6.07
BB,2024-01-02,0.31,0.09,0.21
BY,2024-01-02,2.14,0.64,1.50
BE,2024-01-02,469.30,140.79,328.51
BA,2024-01-02,8.27,2.48,5.79
BG,2024-01-02,71.05,21.32,49.74
CA,2024-01-02,760.66,228.20,532.46
KY,2024-01-02,3.78,1.13,2.64
HR,2024-01-02,90.76,27.23,63.53
CY,2024-01-02,27.46,8.24,19.22
CZ,2024-01-02,226.02,67.81,158.22
DK,2024-01-02,760.86,228.26,532.60
EE,2024-01-02,117.20,35.16,82.04
FO,2024-01-02,1.63,0.49,1.14
FI,2024-01-02,311.57,93.47,218.10
FR,2024-01-02,857.64,257.29,600.35
DE,2024-01-02,1389.62,416.89,972.73
GI,2024-01-02,1.12,0.34,0.79
GR,2024-01-02,248.99,74.70,174.29
GG,2024-01-02,2.65,0.80,1.86
HK,2024-01-02,300.14,90.04,210.10
HU,2024-01-02,117.30,35.19,82.11
IS,2024-01-02,59.82,17.95,41.88
IE,2024-01-02,208.87,62.66,146.21
IM,2024-01-02,2.45,0.74,1.72
IL,2024-01-02,80.34,24.10,56.24
IT,2024-01-02,439.18,131.75,307.43
JP,2024-01-02,384.77,115.43,269.34
JE,2024-01-02,4.80,1.44,3.36
KR,2024-01-02,319.02,95.71,223.32
RS,2024-01-02,5.31,1.59,3.72
KW,2024-01-02,34.30,10.29,24.01
LV,2024-01-02,105.66,31.70,73.96
LI,2024-01-02,1.74,0.52,1.21
LT,2024-01-02,267.47,80.24,187.23
LU,2024-01-02,43.39,13.02,30.37
MO,2024-01-02,4.59,1.38,3.22
MK,2024-01-02,5.92,1.78,4.14
MT,2024-01-02,13.99,4.20,9.79
MD,2024-01-02,9.09,2.73,6.36
MC,2024-01-02,10.62,3.19,7.43
ME,2024-01-02,7.76,2.33,5.43
NL,2024-01-02,692.77,207.83,484.94
NZ,2024-01-02,129.55,38.86,90.68
NO,2024-01-02,442.35,132.70,309.64
OM,2024-01-02,1.02,0.31,0.71
PL,2024-01-02,288.30,86.49,201.81
PT,2024-01-02,200.50,60.15,140.35
QA,2024-01-02,14.60,4.38,10.22
RO,2024-01-02,78.71,23.61,55.10
#N/A,2024-01-02,0.10,0.03,0.07
SM,2024-01-02,1.02,0.31,0.71
SA,2024-01-02,10.72,3.22,7.50
RS,2024-01-02,38.08,11.42,26.66
SG,2024-01-02,329.44,98.83,230.61
SK,2024-01-02,74.12,22.23,51.88
SI,2024-01-02,57.68,17.30,40.38
ZA,2024-01-02,62.99,18.90,44.09
ES,2024-01-02,633.46,190.04,443.42
SJ,2024-01-02,0.92,0.28,0.64
SE,2024-01-02,9799.52,2939.86,6859.66
CH,2024-01-02,522.49,156.75,365.74
TW,2024-01-02,123.22,36.97,86.25
TR,2024-01-02,211.12,63.34,147.78
#N/A,2024-01-02,0.20,0.06,0.14
AE,2024-01-02,146.60,43.98,102.62
GB,2024-01-02,3135.53,940.66,2194.87
US,2024-01-02,12272.09,3681.63,8590.46
AL,2024-01-03,5.76,1.73,4.03
AD,2024-01-03,2.37,0.71,1.66
AG,2024-01-03,0.21,0.06,0.14
AW,2024-01-03,0.62,0.19,0.43
AU,2024-01-03,1687.15,506.14,1181.00
AT,2024-01-03,346.66,104.00,242.66
AZ,2024-01-03,0.21,0.06,0.14
BH,2024-01-03,5.45,1.64,3.82
BB,2024-01-03,0.41,0.12,0.29
BY,2024-01-03,0.93,0.28,0.65
BE,2024-01-03,505.34,151.60,353.74
BA,2024-01-03,4.83,1.45,3.38
BG,2024-01-03,52.86,15.86,37.00
CA,2024-01-03,734.36,220.31,514.05
KY,2024-01-03,2.67,0.80,1.87
HR,2024-01-03,110.14,33.04,77.10
CY,2024-01-03,41.96,12.59,29.37
CZ,2024-01-03,248.76,74.63,174.13
DK,2024-01-03,887.28,266.18,621.10
EE,2024-01-03,125.15,37.55,87.61
FO,2024-01-03,1.23,0.37,0.86
FI,2024-01-03,378.96,113.69,265.27
FR,2024-01-03,987.85,296.36,691.50
DE,2024-01-03,1527.65,458.29,1069.35
GI,2024-01-03,1.13,0.34,0.79
GR,2024-01-03,248.97,74.69,174.28
GG,2024-01-03,3.70,1.11,2.59
HK,2024-01-03,390.78,117.23,273.55
HU,2024-01-03,118.88,35.66,83.22
IS,2024-01-03,76.00,22.80,53.20
IE,2024-01-03,229.33,68.80,160.53
IM,2024-01-03,3.29,0.99,2.30
IL,2024-01-03,86.07,25.82,60.25
IT,2024-01-03,524.37,157.31,367.06
JP,2024-01-03,426.77,128.03,298.74
JE,2024-01-03,5.66,1.70,3.96
KR,2024-01-03,281.57,84.47,197.10
RS,2024-01-03,4.22,1.26,2.95
KW,2024-01-03,31.06,9.32,21.74
LV,2024-01-03,125.67,37.70,87.97
LI,2024-01-03,0.93,0.28,0.65
LT,2024-01-03,285.68,85.70,199.98
LU,2024-01-03,54.92,16.47,38.44
MO,2024-01-03,4.11,1.23,2.88
MK,2024-01-03,5.24,1.57,3.67
MT,2024-01-03,16.45,4.94,11.52
MD,2024-01-03,9.36,2.81,6.55
MC,2024-01-03,9.15,2.75,6.41
ME,2024-01-03,8.02,2.41,5.61
NL,2024-01-03,780.64,234.19,546.45
NZ,2024-01-03,176.88,53.06,123.82
NO,2024-01-03,420.91,126.27,294.64
OM,2024-01-03,0.72,0.22,0.50
PL,2024-01-03,324.14,97.24,226.90
PT,2024-01-03,213.39,64.02,149.37
QA,2024-01-03,26.22,7.87,18.36
RO,2024-01-03,88.75,26.62,62.12
#N/A,2024-01-03,0.31,0.09,0.22
SM,2024-01-03,0.41,0.12,0.29
SA,2024-01-03,12.03,3.61,8.42
RS,2024-01-03,48.64,14.59,34.05
SG,2024-01-03,447.44,134.23,313.21
SK,2024-01-03,84.74,25.42,59.32
SI,2024-01-03,65.40,19.62,45.78
ZA,2024-01-03,91.32,27.40,63.92
ES,2024-01-03,682.22,204.67,477.56
SJ,2024-01-03,0.21,0.06,0.14
SE,2024-01-03,9264.40,2779.32,6485.08
CH,2024-01-03,520.77,156.23,364.54
TW,2024-01-03,157.03,47.11,109.92
TR,2024-01-03,213.70,64.11,149.59
#N/A,2024-01-03,0.62,0.19,0.43
AE,2024-01-03,140.48,42.14,98.33
GB,2024-01-03,3104.35,931.30,2173.04
US,2024-01-03,9496.50,2848.95,6647.55
AL,2024-01-04,1.94,0.58,1.36
AD,2024-01-04,1.43,0.43,1.00
AG,2024-01-04,0.61,0.18,0.43
AW,2024-01-04,0.31,0.09,0.21
AU,2024-01-04,1339.72,401.92,937.81
AT,2024-01-04,338.86,101.66,237.20
AZ,2024-01-04,0.61,0.18,0.43
BH,2024-01-04,8.17,2.45,5.72
BB,2024-01-04,1.74,0.52,1.22
BY,2024-01-04,1.33,0.40,0.93
BE,2024-01-04,462.13,138.64,323.49
BA,2024-01-04,3.06,0.92,2.14
BG,2024-01-04,30.54,9.16,21.38
CA,2024-01-04,644.84,193.45,451.39
KY,2024-01-04,2.45,0.74,1.72
HR,2024-01-04,101.62,30.49,71.13
CY,2024-01-04,28.29,8.49,19.80
CZ,2024-01-04,189.45,56.83,132.61
DK,2024-01-04,757.49,227.25,530.24
EE,2024-01-04,99.68,29.90,69.77
FO,2024-01-04,1.74,0.52,1.22
FI,2024-01-04,347.95,104.39,243.57
FR,2024-01-04,846.34,253.90,592.44
DE,2024-01-04,1248.63,374.59,874.04
GI,2024-01-04,0.71,0.21,0.50
GR,2024-01-04,215.80,64.74,151.06
GG,2024-01-04,2.76,0.83,1.93
HK,2024-01-04,319.56,95.87,223.69
HU,2024-01-04,69.04,20.71,48.33
IS,2024-01-04,71.59,21.48,50.11
IE,2024-01-04,213.55,64.07,149.49
IM,2024-01-04,2.96,0.89,2.07
IL,2024-01-04,65.36,19.61,45.75
IT,2024-01-04,475.10,142.53,332.57
JP,2024-01-04,288.92,86.68,202.25
JE,2024-01-04,4.70,1.41,3.29
KR,2024-01-04,218.66,65.60,153.06
RS,2024-01-04,2.25,0.67,1.57
KW,2024-01-04,25.74,7.72,18.02
LV,2024-01-04,83.03,24.91,58.12
LI,2024-01-04,1.94,0.58,1.36
LT,2024-01-04,160.65,48.19,112.45
LU,2024-01-04,46.16,13.85,32.31
MO,2024-01-04,3.68,1.10,2.57
MK,2024-01-04,1.94,0.58,1.36
MT,2024-01-04,18.89,5.67,13.23
MD,2024-01-04,6.54,1.96,4.58
MC,2024-01-04,9.91,2.97,6.93
ME,2024-01-04,7.66,2.30,5.36
NL,2024-01-04,663.63,199.09,464.54
NZ,2024-01-04,156.26,46.88,109.38
NO,2024-01-04,450.18,135.05,315.13
OM,2024-01-04,0.92,0.28,0.64
PL,2024-01-04,223.66,67.10,156.56
PT,2024-01-04,195.17,58.55,136.62
QA,2024-01-04,35.95,10.78,25.16
RO,2024-01-04,60.87,18.26,42.61
#N/A,2024-01-04,0.20,0.06,0.14
SM,2024-01-04,0.10,0.03,0.07
SA,2024-01-04,5.41,1.62,3.79
RS,2024-01-04,31.56,9.47,22.09
SG,2024-01-04,415.66,124.70,290.96
SK,2024-01-04,71.90,21.57,50.33
SI,2024-01-04,50.25,15.07,35.17
ZA,2024-01-04,64.65,19.39,45.25
ES,2024-01-04,637.59,191.28,446.31
SJ,2024-01-04,0.51,0.15,0.36
SE,2024-01-04,11295.64,3388.69,7906.95
CH,2024-01-04,424.04,127.21,296.83
TW,2024-01-04,142.16,42.65,99.51
TR,2024-01-04,142.57,42.77,99.80
#N/A,2024-01-04,0.51,0.15,0.36
AE,2024-01-04,160.65,48.19,112.45
GB,2024-01-04,3017.70,905.31,2112.39
US,2024-01-04,6543.69,1963.11,4580.58
AL,2024-01-05,2.77,0.83,1.94
AD,2024-01-05,1.85,0.55,1.29
AG,2024-01-05,0.62,0.18,0.43
AW,2024-01-05,0.62,0.18,0.43
AU,2024-01-05,1025.24,307.57,717.67
AT,2024-01-05,308.63,92.59,216.04
AZ,2024-01-05,0.31,0.09,0.22
BH,2024-01-05,8.41,2.52,5.89
BB,2024-01-05,1.74,0.52,1.22
BY,2024-01-05,0.72,0.22,0.50
BE,2024-01-05,417.62,125.29,292.33
BA,2024-01-05,3.18,0.95,2.22
BG,2024-01-05,33.12,9.94,23.18
CA,2024-01-05,487.86,146.36,341.50
KY,2024-01-05,3.90,1.17,2.73
HR,2024-01-05,98.95,29.68,69.26
CY,2024-01-05,26.25,7.87,18.37
CZ,2024-01-05,171.23,51.37,119.86
DK,2024-01-05,676.93,203.08,473.85
EE,2024-01-05,87.87,26.36,61.51
FO,2024-01-05,0.51,0.15,0.36
FI,2024-01-05,314.16,94.25,219.91
FR,2024-01-05,803.97,241.19,562.78
DE,2024-01-05,1050.15,315.05,735.11
GI,2024-01-05,1.44,0.43,1.00
GR,2024-01-05,198.61,59.58,139.03
GG,2024-01-05,2.77,0.83,1.94
HK,2024-01-05,273.97,82.19,191.78
HU,2024-01-05,63.88,19.16,44.72
IS,2024-01-05,59.78,17.93,41.84
IE,2024-01-05,203.32,61.00,142.33
IM,2024-01-05,3.08,0.92,2.15
IL,2024-01-05,69.21,20.76,48.45
IT,2024-01-05,509.29,152.79,356.50
JP,2024-01-05,253.36,76.01,177.35
JE,2024-01-05,7.79,2.34,5.45
KR,2024-01-05,204.15,61.24,142.90
RS,2024-01-05,3.69,1.11,2.58
KW,2024-01-05,25.02,7.51,17.51
LV,2024-01-05,80.69,24.21,56.49
LI,2024-01-05,2.26,0.68,1.58
LT,2024-01-05,159.34,47.80,111.54
LU,2024-01-05,41.22,12.37,28.85
MO,2024-01-05,5.02,1.51,3.52
MK,2024-01-05,2.36,0.71,1.65
MT,2024-01-05,17.02,5.11,11.91
MD,2024-01-05,6.05,1.81,4.23
MC,2024-01-05,7.59,2.28,5.31
ME,2024-01-05,4.41,1.32,3.09
NL,2024-01-05,624.64,187.39,437.25
NZ,2024-01-05,143.03,42.91,100.12
NO,2024-01-05,433.00,129.90,303.10
OM,2024-01-05,1.54,0.46,1.08
PL,2024-01-05,215.83,64.75,151.08
PT,2024-01-05,157.18,47.16,110.03
QA,2024-01-05,19.28,5.78,13.49
RO,2024-01-05,65.83,19.75,46.08
#N/A,2024-01-05,0.31,0.09,0.22
SM,2024-01-05,0.31,0.09,0.22
SA,2024-01-05,5.33,1.60,3.73
RS,2024-01-05,21.02,6.31,14.71
SG,2024-01-05,359.89,107.97,251.93
SK,2024-01-05,54.45,16.33,38.11
SI,2024-01-05,44.50,13.35,31.15
ZA,2024-01-05,86.33,25.90,60.43
ES,2024-01-05,600.95,180.29,420.67
SJ,2024-01-05,0.41,0.12,0.29
SE,2024-01-05,10774.68,3232.40,7542.28
CH,2024-01-05,379.68,113.91,265.78
TW,2024-01-05,110.63,33.19,77.44
TR,2024-01-05,117.91,35.37,82.54
#N/A,2024-01-05,0.31,0.09,0.22
AE,2024-01-05,145.60,43.68,101.92
GB,2024-01-05,2672.24,801.67,1870.57
US,2024-01-05,8094.14,2428.24,5665.90
AL,2024-01-06,4.72,1.41,3.30
AD,2024-01-06,2.26,0.68,1.58
AG,2024-01-06,0.41,0.12,0.29
AW,2024-01-06,0.62,0.18,0.43
AU,2024-01-06,772.90,231.87,541.03
AT,2024-01-06,339.90,101.97,237.93
AZ,2024-01-06,0.00,0.00,0.00
BH,2024-01-06,6.36,1.91,4.45
BB,2024-01-06,1.23,0.37,0.86
BY,2024-01-06,0.51,0.15,0.36
BE,2024-01-06,295.09,88.53,206.56
BA,2024-01-06,2.87,0.86,2.01
BG,2024-01-06,39.89,11.97,27.92
CA,2024-01-06,345.33,103.60,241.73
KY,2024-01-06,2.05,0.62,1.44
HR,2024-01-06,114.12,34.24,79.88
CY,2024-01-06,32.50,9.75,22.75
CZ,2024-01-06,160.98,48.29,112.68
DK,2024-01-06,618.18,185.45,432.72
EE,2024-01-06,87.26,26.18,61.08
FO,2024-01-06,1.13,0.34,0.79
FI,2024-01-06,249.98,74.99,174.98
FR,2024-01-06,752.80,225.84,526.96
DE,2024-01-06,1246.71,374.01,872.70
GI,2024-01-06,1.74,0.52,1.22
GR,2024-01-06,213.17,63.95,149.22
GG,2024-01-06,4.10,1.23,2.87
HK,2024-01-06,257.16,77.15,180.01
HU,2024-01-06,73.93,22.18,51.75
IS,2024-01-06,54.04,16.21,37.82
IE,2024-01-06,154.42,46.32,108.09
IM,2024-01-06,2.46,0.74,1.72
IL,2024-01-06,46.96,14.09,32.87
IT,2024-01-06,515.75,154.72,361.02
JP,2024-01-06,217.58,65.27,152.30
JE,2024-01-06,6.97,2.09,4.88
KR,2024-01-06,293.35,88.00,205.34
RS,2024-01-06,2.97,0.89,2.08
KW,2024-01-06,20.20,6.06,14.14
LV,2024-01-06,88.90,26.67,62.23
LI,2024-01-06,2.97,0.89,2.08
LT,2024-01-06,165.49,49.65,115.84
LU,2024-01-06,38.86,11.66,27.20
MO,2024-01-06,2.36,0.71,1.65
MK,2024-01-06,2.56,0.77,1.79
MT,2024-01-06,12.71,3.81,8.90
MD,2024-01-06,5.84,1.75,4.09
MC,2024-01-06,11.48,3.45,8.04
ME,2024-01-06,5.54,1.66,3.88
NL,2024-01-06,572.04,171.61,400.43
NZ,2024-01-06,99.97,29.99,69.98
NO,2024-01-06,381.53,114.46,267.07
OM,2024-01-06,1.03,0.31,0.72
PL,2024-01-06,280.33,84.10,196.23
PT,2024-01-06,156.47,46.94,109.53
QA,2024-01-06,11.59,3.48,8.11
RO,2024-01-06,78.54,23.56,54.98
#N/A,2024-01-06,0.72,0.22,0.50
SM,2024-01-06,0.10,0.03,0.07
SA,2024-01-06,3.18,0.95,2.22
RS,2024-01-06,29.73,8.92,20.81
SG,2024-01-06,342.98,102.89,240.08
SK,2024-01-06,68.60,20.58,48.02
SI,2024-01-06,42.35,12.70,29.64
ZA,2024-01-06,79.26,23.78,55.48
ES,2024-01-06,690.26,207.08,483.18
SJ,2024-01-06,0.41,0.12,0.29
SE,2024-01-06,7801.91,2340.57,5461.34
CH,2024-01-06,360.51,108.15,252.36
TW,2024-01-06,96.89,29.07,67.83
TR,2024-01-06,152.06,45.62,106.44
#N/A,2024-01-06,0.62,0.18,0.43
AE,2024-01-06,88.90,26.67,62.23
GB,2024-01-06,2092.00,627.60,1464.40
US,2024-01-06,11863.08,3558.92,8304.16
AL,2024-01-07,6.06,1.82,4.24
AD,2024-01-07,3.28,0.99,2.30
AG,2024-01-07,1.03,0.31,0.72
AW,2024-01-07,1.03,0.31,0.72
AU,2024-01-07,1036.53,310.96,725.57
AT,2024-01-07,534.84,160.45,374.39
AZ,2024-01-07,0.00,0.00,0.00
BH,2024-01-07,8.31,2.49,5.82
BB,2024-01-07,2.16,0.65,1.51
BY,2024-01-07,4.82,1.45,3.38
BE,2024-01-07,623.01,186.90,436.11
BA,2024-01-07,4.82,1.45,3.38
BG,2024-01-07,62.10,18.63,43.47
CA,2024-01-07,429.84,128.95,300.89
KY,2024-01-07,8.72,2.62,6.11
HR,2024-01-07,151.18,45.36,105.83
CY,2024-01-07,52.86,15.86,37.00
CZ,2024-01-07,235.55,70.67,164.89
DK,2024-01-07,1197.16,359.15,838.01
EE,2024-01-07,133.84,40.15,93.69
FO,2024-01-07,2.87,0.86,2.01
FI,2024-01-07,428.82,128.65,300.17
FR,2024-01-07,1578.25,473.48,1104.78
DE,2024-01-07,2037.35,611.20,1426.14
GI,2024-01-07,2.16,0.65,1.51
GR,2024-01-07,347.32,104.20,243.13
GG,2024-01-07,8.52,2.56,5.96
HK,2024-01-07,286.15,85.85,200.31
HU,2024-01-07,117.93,35.38,82.55
IS,2024-01-07,76.36,22.91,53.45
IE,2024-01-07,274.04,82.21,191.83
IM,2024-01-07,5.75,1.72,4.02
IL,2024-01-07,108.08,32.42,75.65
IT,2024-01-07,949.39,284.82,664.58
JP,2024-01-07,268.50,80.55,187.95
JE,2024-01-07,13.55,4.06,9.48
KR,2024-01-07,342.60,102.78,239.82
RS,2024-01-07,3.08,0.92,2.16
KW,2024-01-07,31.00,9.30,21.70
LV,2024-01-07,134.66,40.40,94.26
LI,2024-01-07,3.28,0.99,2.30
LT,2024-01-07,196.14,58.84,137.30
LU,2024-01-07,67.33,20.20,47.13
MO,2024-01-07,1.95,0.59,1.37
MK,2024-01-07,4.82,1.45,3.38
MT,2024-01-07,21.35,6.40,14.94
MD,2024-01-07,7.90,2.37,5.53
MC,2024-01-07,13.24,3.97,9.27
ME,2024-01-07,7.49,2.25,5.24
NL,2024-01-07,908.13,272.44,635.69
NZ,2024-01-07,117.93,35.38,82.55
NO,2024-01-07,918.91,275.67,643.24
OM,2024-01-07,2.57,0.77,1.80
PL,2024-01-07,440.01,132.00,308.00
PT,2024-01-07,276.20,82.86,193.34
QA,2024-01-07,23.30,6.99,16.31
RO,2024-01-07,131.17,39.35,91.82
#N/A,2024-01-07,1.33,0.40,0.93
SM,2024-01-07,0.92,0.28,0.65
SA,2024-01-07,4.21,1.26,2.95
RS,2024-01-07,44.24,13.27,30.97
SG,2024-01-07,349.27,104.78,244.49
SK,2024-01-07,93.71,28.11,65.60
SI,2024-01-07,61.17,18.35,42.82
ZA,2024-01-07,60.66,18.20,42.46
ES,2024-01-07,1290.87,387.26,903.61
SJ,2024-01-07,1.03,0.31,0.72
SE,2024-01-07,10831.40,3249.42,7581.98
CH,2024-01-07,524.48,157.34,367.13
TW,2024-01-07,133.02,39.91,93.11
TR,2024-01-07,266.75,80.03,186.73
#N/A,2024-01-07,1.54,0.46,1.08
AE,2024-01-07,158.78,47.63,111.15
GB,2024-01-07,3215.62,964.69,2250.93
US,2024-01-07,15079.75,4523.93,10555.83
AU,2023-12-18,8.58,2.58,6.01
AT,2023-12-18,9.71,2.91,6.80
BE,2023-12-18,39.65,11.90,27.76
CA,2023-12-18,21.77,6.53,15.24
CZ,2023-12-18,183.35,55.00,128.34
DK,2023-12-18,2.66,0.80,1.86
FI,2023-12-18,24.73,7.42,17.31
FR,2023-12-18,30.76,9.23,21.53
DE,2023-12-18,8.89,2.67,6.22
GR,2023-12-18,274.51,82.35,192.16
IE,2023-12-18,10.12,3.04,7.08
IT,2023-12-18,115.90,34.77,81.13
JP,2023-12-18,32.19,9.66,22.54
KR,2023-12-18,44.76,13.43,31.33
NL,2023-12-18,8.69,2.61,6.08
NZ,2023-12-18,28.21,8.46,19.75
PT,2023-12-18,121.01,36.30,84.70
ES,2023-12-18,142.57,42.77,99.80
SE,2023-12-18,3.78,1.13,2.65
CH,2023-12-18,4.29,1.29,3.00
GB,2023-12-18,0.10,0.03,0.07
AU,2023-12-19,4.78,1.43,3.34
AT,2023-12-19,4.27,1.28,2.99
BE,2023-12-19,26.62,7.99,18.64
CA,2023-12-19,9.14,2.74,6.40
CZ,2023-12-19,80.47,24.14,56.33
DK,2023-12-19,1.42,0.43,1.00
FI,2023-12-19,7.72,2.32,5.41
FR,2023-12-19,24.79,7.44,17.35
DE,2023-12-19,6.81,2.04,4.77
GR,2023-12-19,105.17,31.55,73.62
IE,2023-12-19,7.52,2.26,5.26
IT,2023-12-19,50.09,15.03,35.07
JP,2023-12-19,12.70,3.81,8.89
KR,2023-12-19,31.50,9.45,22.05
NL,2023-12-19,4.37,1.31,3.06
NZ,2023-12-19,7.21,2.16,5.05
PT,2023-12-19,53.35,16.00,37.34
ES,2023-12-19,95.92,28.78,67.14
SE,2023-12-19,3.86,1.16,2.70
CH,2023-12-19,3.15,0.94,2.20
GB,2023-12-19,0.20,0.06,0.14
AU,2023-12-20,0.00,0.00,0.00
AT,2023-12-20,0.00,0.00,0.00
BE,2023-12-20,0.00,0.00,0.00
CA,2023-12-20,0.00,0.00,0.00
CZ,2023-12-20,0.00,0.00,0.00
FI,2023-12-20,0.00,0.00,0.00
FR,2023-12-20,0.00,0.00,0.00
GR,2023-12-20,0.00,0.00,0.00
IE,2023-12-20,0.00,0.00,0.00
IT,2023-12-20,0.00,0.00,0.00
JP,2023-12-20,0.00,0.00,0.00
KR,2023-12-20,0.00,0.00,0.00
NL,2023-12-20,0.00,0.00,0.00
NZ,2023-12-20,0.00,0.00,0.00
#N/A,2023-12-20,0.00,0.00,0.00
PT,2023-12-20,0.00,0.00,0.00
ES,2023-12-20,0.00,0.00,0.00
CH,2023-12-20,0.00,0.00,0.00
AT,2023-12-21,0.00,0.00,0.00
BE,2023-12-21,0.00,0.00,0.00
CA,2023-12-21,0.00,0.00,0.00
CZ,2023-12-21,0.00,0.00,0.00
FI,2023-12-21,0.00,0.00,0.00
FR,2023-12-21,0.00,0.00,0.00
GR,2023-12-21,0.00,0.00,0.00
IE,2023-12-21,0.00,0.00,0.00
IT,2023-12-21,0.00,0.00,0.00
KR,2023-12-21,0.00,0.00,0.00
NL,2023-12-21,0.00,0.00,0.00
#N/A,2023-12-21,0.00,0.00,0.00
PT,2023-12-21,0.00,0.00,0.00
ES,2023-12-21,0.00,0.00,0.00
AT,2023-12-22,0.00,0.00,0.00
BE,2023-12-22,0.00,0.00,0.00
CZ,2023-12-22,0.00,0.00,0.00
GR,2023-12-22,0.00,0.00,0.00
IT,2023-12-22,0.00,0.00,0.00
PT,2023-12-22,0.00,0.00,0.00
ES,2023-12-22,0.00,0.00,0.00
BE,2023-12-23,0.00,0.00,0.00
CZ,2023-12-23,0.00,0.00,0.00
FI,2023-12-23,0.00,0.00,0.00
GR,2023-12-23,0.00,0.00,0.00
IE,2023-12-23,0.00,0.00,0.00
IT,2023-12-23,0.00,0.00,0.00
JP,2023-12-23,0.00,0.00,0.00
KR,2023-12-23,0.00,0.00,0.00
NZ,2023-12-23,0.00,0.00,0.00
#N/A,2023-12-23,0.00,0.00,0.00
PT,2023-12-23,0.00,0.00,0.00
ES,2023-12-23,0.00,0.00,0.00
CZ,2023-12-24,0.00,0.00,0.00
FI,2023-12-24,0.00,0.00,0.00
FR,2023-12-24,0.00,0.00,0.00
GR,2023-12-24,0.00,0.00,0.00
IT,2023-12-24,0.00,0.00,0.00
KR,2023-12-24,0.00,0.00,0.00
PT,2023-12-24,0.00,0.00,0.00
ES,2023-12-24,0.00,0.00,0.00
GR,2023-12-25,0.00,0.00,0.00
GR,2023-12-26,0.00,0.00,0.00
GR,2023-12-27,0.00,0.00,0.00
NL,2023-12-27,0.00,0.00,0.00
ES,2023-12-27,0.00,0.00,0.00
AT,2023-12-28,90.24,27.07,63.17
BE,2023-12-28,62.79,18.84,43.95
CA,2023-12-28,2.10,0.63,1.47
DK,2023-12-28,79.46,23.84,55.62
FR,2023-12-28,73.77,22.13,51.64
DE,2023-12-28,141.35,42.41,98.95
GR,2023-12-28,0.00,0.00,0.00
IT,2023-12-28,142.85,42.85,99.99
NL,2023-12-28,82.76,24.83,57.93
NO,2023-12-28,150.94,45.28,105.65
SE,2023-12-28,532.17,159.65,372.52
GB,2023-12-28,266.63,79.99,186.64
US,2023-12-28,11.78,3.53,8.25
AT,2023-12-29,233.79,70.14,163.65
BE,2023-12-29,143.94,43.18,100.76
CA,2023-12-29,47.54,14.26,33.28
DK,2023-12-29,172.34,51.70,120.64
FR,2023-12-29,342.07,102.62,239.45
DE,2023-12-29,376.82,113.05,263.78
IT,2023-12-29,282.04,84.61,197.43
NL,2023-12-29,152.20,45.66,106.54
NO,2023-12-29,203.87,61.16,142.71
SE,2023-12-29,1064.19,319.26,744.93
GB,2023-12-29,703.88,211.17,492.72
US,2023-12-29,57.31,17.19,40.12
AT,2023-12-30,73.33,22.00,51.33
BE,2023-12-30,51.67,15.50,36.17
CA,2023-12-30,28.61,8.58,20.02
CZ,2023-12-30,0.00,0.00,0.00
DK,2023-12-30,112.01,33.60,78.41
FR,2023-12-30,808.64,242.59,566.05
DE,2023-12-30,469.29,140.79,328.50
GR,2023-12-30,0.00,0.00,0.00
IT,2023-12-30,113.42,34.03,79.39
NL,2023-12-30,85.52,25.66,59.86
NO,2023-12-30,72.42,21.73,50.70
SE,2023-12-30,833.92,250.18,583.75
GB,2023-12-30,958.72,287.62,671.11
US,2023-12-30,150.29,45.09,105.20
AT,2023-12-31,3.23,0.97,2.26
BE,2023-12-31,3.33,1.00,2.33
CA,2023-12-31,0.20,0.06,0.14
DK,2023-12-31,5.95,1.79,4.17
FR,2023-12-31,56.19,16.86,39.33
DE,2023-12-31,30.06,9.02,21.04
IT,2023-12-31,3.63,1.09,2.54
NL,2023-12-31,3.63,1.09,2.54
NO,2023-12-31,5.15,1.54,3.60
SE,2023-12-31,43.18,12.95,30.22
GB,2023-12-31,49.43,14.83,34.60
US,2023-12-31,0.30,0.09,0.21
BE,2024-01-01,0.00,0.00,0.00
CA,2024-01-01,0.00,0.00,0.00
FR,2024-01-01,0.00,0.00,0.00
DE,2024-01-01,0.00,0.00,0.00
IT,2024-01-01,0.00,0.00,0.00
SE,2024-01-01,0.00,0.00,0.00
GB,2024-01-01,0.00,0.00,0.00
BE,2024-01-02,0.00,0.00,0.00
DK,2024-01-02,0.00,0.00,0.00
FR,2024-01-02,0.00,0.00,0.00
DE,2024-01-02,0.00,0.00,0.00
IT,2024-01-02,0.00,0.00,0.00
NL,2024-01-02,0.00,0.00,0.00
SE,2024-01-02,0.00,0.00,0.00
GB,2024-01-02,0.00,0.00,0.00
FR,2024-01-03,0.00,0.00,0.00
DE,2024-01-03,0.00,0.00,0.00
NL,2024-01-03,0.00,0.00,0.00
SE,2024-01-03,0.00,0.00,0.00
GB,2024-01-03,0.00,0.00,0.00
FR,2024-01-04,0.00,0.00,0.00
DE,2024-01-04,0.00,0.00,0.00
GR,2024-01-04,0.00,0.00,0.00
GB,2024-01-04,0.00,0.00,0.00
FR,2024-01-05,0.00,0.00,0.00
DE,2024-01-05,0.00,0.00,0.00
AU,2023-12-18,240.27,72.08,168.19
AT,2023-12-18,8.28,2.48,5.79
BE,2023-12-18,8.69,2.61,6.08
BG,2023-12-18,0.10,0.03,0.07
CA,2023-12-18,37.51,11.25,26.26
HR,2023-12-18,0.20,0.06,0.14
CZ,2023-12-18,0.41,0.12,0.29
DK,2023-12-18,7.87,2.36,5.51
FI,2023-12-18,4.39,1.32,3.08
FR,2023-12-18,31.68,9.50,22.18
DE,2023-12-18,8.07,2.42,5.65
GR,2023-12-18,0.51,0.15,0.36
HK,2023-12-18,2.86,0.86,2.00
HU,2023-12-18,0.31,0.09,0.21
IE,2023-12-18,8.18,2.45,5.72
IT,2023-12-18,0.31,0.09,0.21
LT,2023-12-18,0.61,0.18,0.43
LU,2023-12-18,1.74,0.52,1.22
MC,2023-12-18,0.20,0.06,0.14
NL,2023-12-18,62.24,18.67,43.57
NZ,2023-12-18,6.13,1.84,4.29
NO,2023-12-18,98.22,29.46,68.75
PL,2023-12-18,0.41,0.12,0.29
PT,2023-12-18,3.07,0.92,2.15
RO,2023-12-18,0.61,0.18,0.43
RS,2023-12-18,1.12,0.34,0.79
SI,2023-12-18,1.12,0.34,0.79
ES,2023-12-18,1.94,0.58,1.36
SE,2023-12-18,151.46,45.44,106.02
CH,2023-12-18,16.86,5.06,11.80
TR,2023-12-18,1.94,0.58,1.36
GB,2023-12-18,364.35,109.30,255.04
US,2023-12-18,367.00,110.10,256.90
AU,2023-12-19,270.59,81.18,189.41
AT,2023-12-19,3.05,0.91,2.13
BE,2023-12-19,2.64,0.79,1.85
CA,2023-12-19,12.50,3.75,8.75
HR,2023-12-19,0.10,0.03,0.07
FI,2023-12-19,1.32,0.40,0.92
FR,2023-12-19,21.13,6.34,14.79
GR,2023-12-19,0.30,0.09,0.21
HK,2023-12-19,2.03,0.61,1.42
HU,2023-12-19,0.20,0.06,0.14
IE,2023-12-19,4.06,1.22,2.85
LU,2023-12-19,0.61,0.18,0.43
NL,2023-12-19,20.83,6.25,14.58
NZ,2023-12-19,8.33,2.50,5.83
NO,2023-12-19,43.79,13.14,30.66
PT,2023-12-19,1.22,0.37,0.85
RO,2023-12-19,0.20,0.06,0.14
RS,2023-12-19,0.61,0.18,0.43
SI,2023-12-19,0.41,0.12,0.28
SE,2023-12-19,62.39,18.72,43.67
CH,2023-12-19,7.72,2.32,5.41
TR,2023-12-19,0.91,0.27,0.64
GB,2023-12-19,194.18,58.25,135.92
US,2023-12-19,237.06,71.12,165.94
AU,2023-12-26,50.88,15.26,35.62
AT,2023-12-26,3.40,1.02,2.38
BE,2023-12-26,17.79,5.34,12.46
BG,2023-12-26,2.30,0.69,1.61
HR,2023-12-26,3.50,1.05,2.45
CZ,2023-12-26,2.10,0.63,1.47
DK,2023-12-26,6.40,1.92,4.48
FI,2023-12-26,26.89,8.07,18.82
FR,2023-12-26,75.47,22.64,52.83
DE,2023-12-26,27.99,8.40,19.59
GR,2023-12-26,2.20,0.66,1.54
HK,2023-12-26,4.80,1.44,3.36
HU,2023-12-26,1.50,0.45,1.05
IE,2023-12-26,30.99,9.30,21.69
IT,2023-12-26,7.30,2.19,5.11
JP,2023-12-26,3.50,1.05,2.45
LT,2023-12-26,2.30,0.69,1.61
LU,2023-12-26,4.50,1.35,3.15
MC,2023-12-26,0.50,0.15,0.35
NL,2023-12-26,114.16,34.25,79.91
NZ,2023-12-26,4.90,1.47,3.43
NO,2023-12-26,198.93,59.68,139.25
PL,2023-12-26,2.10,0.63,1.47
PT,2023-12-26,8.30,2.49,5.81
RO,2023-12-26,1.70,0.51,1.19
RS,2023-12-26,17.09,5.13,11.97
SG,2023-12-26,13.89,4.17,9.73
SK,2023-12-26,0.30,0.09,0.21
SI,2023-12-26,2.10,0.63,1.47
ES,2023-12-26,5.70,1.71,3.99
SE,2023-12-26,361.37,108.41,252.96
CH,2023-12-26,27.69,8.31,19.38
TR,2023-12-26,15.99,4.80,11.20
GB,2023-12-26,383.26,114.98,268.28
US,2023-12-26,546.60,163.98,382.62
AU,2023-12-27,74.86,22.46,52.40
AT,2023-12-27,4.08,1.22,2.85
BE,2023-12-27,19.09,5.73,13.36
BG,2023-12-27,2.58,0.78,1.81
HR,2023-12-27,4.37,1.31,3.06
CZ,2023-12-27,4.67,1.40,3.27
DK,2023-12-27,12.13,3.64,8.49
FI,2023-12-27,23.26,6.98,16.28
FR,2023-12-27,59.55,17.87,41.69
DE,2023-12-27,31.32,9.39,21.92
GR,2023-12-27,2.88,0.86,2.02
HK,2023-12-27,13.62,4.09,9.53
HU,2023-12-27,1.79,0.54,1.25
IE,2023-12-27,48.91,14.67,34.24
IT,2023-12-27,10.54,3.16,7.38
