US,"Dec 11, 2021",29872.29698,2348.065383,27524.2316
US,"Dec 4, 2021",26434.716,2279.19,24155.526
US,"Dec 3, 2021",26086.55817,2888.143068,23198.4151
US,"Dec 5, 2021",25741.30544,3717.931388,22023.37405
US,"Dec 13, 2021",24089.11372,4088.487493,20000.62623
US,"Dec 6, 2021",24034.99962,3643.842304,20391.15731
US,"Dec 2, 2021",23474.88005,3636.8,19838.08005
US,"Dec 14, 2021",23134.03931,3015.576412,20118.4629
US,"Dec 12, 2021",22257.98664,2571.190621,19686.79602
US,"Dec 10, 2021",22041.10672,2030.270571,20010.83615
US,"Dec 9, 2021",21626.45045,2168.404335,19458.04612
US,"Dec 1, 2021",21490.61969,4195.383557,17295.23614
US,"Dec 15, 2021",21339.22244,3614.479757,17724.74269
SE,"Dec 12, 2021",21059.47868,8215.611671,12843.86701
SE,"Dec 11, 2021",20946.78258,6877.23773,14069.54485
US,"Dec 7, 2021",20635.22283,2166.89,18468.33283
US,"Dec 8, 2021",20243.91328,1780.580167,18463.33311
SE,"Dec 13, 2021",20138.46986,7895.958098,12242.51176
US,"Dec 31, 2021",18528.78854,598.342935,17930.4456
US,"Dec 16, 2021",17941.86861,3000.843927,14941.02468
SE,"Dec 14, 2021",17650.59411,7637.879908,10012.7142
US,"Dec 29, 2021",17232.32106,1053.091837,16179.22922
US,"Dec 30, 2021",17183.73949,912.500894,16271.2386
SE,"Dec 15, 2021",17086.63567,7467.768768,9618.866902
SE,"Dec 5, 2021",16399.27155,6597.661236,9801.61031
GB,"Dec 11, 2021",15736.38325,1784.96,13951.42325
SE,"Dec 1, 2021",15533.84996,6559.405003,8974.444952
SE,"Dec 3, 2021",15381.47432,5404.758746,9976.715574
SE,"Dec 2, 2021",15353.17176,6059.621073,9293.550689
SE,"Dec 16, 2021",15294.4878,7133.107478,8161.380322
US,"Dec 18, 2021",15284.10031,2526.264692,12757.83562
US,"Dec 21, 2021",15128.41408,1721.027754,13407.38632
US,"Dec 25, 2021",15060.77474,1431.44039,13629.33435
US,"Dec 24, 2021",15045.33784,1358.256344,13687.0815
US,"Dec 20, 2021",15029.25831,1683.169114,13346.08919
SE,"Dec 4, 2021",14953.79238,5726.9,9226.892383
US,"Dec 22, 2021",14917.0445,1442.277849,13474.76665
US,"Dec 19, 2021",14546.46263,2151.514728,12394.9479
US,"Dec 17, 2021",14341.43903,2087.167495,12254.27153
US,"Dec 28, 2021",14299.58472,1614.652449,12684.93227
US,"Dec 23, 2021",14204.67565,828.441723,13376.23392
SE,"Dec 6, 2021",14132.24376,3907.209728,10225.03403
SE,"Dec 7, 2021",13959.63323,3987.089762,9972.543466
SE,"Dec 8, 2021",13686.01296,3643.24,10042.77296
GB,"Dec 5, 2021",13660.13924,1035.09,12625.04924
SE,"Dec 10, 2021",13622.43491,4295.784246,9326.650668
GB,"Dec 12, 2021",13523.57094,1300.97,12222.60094
US,"Dec 26, 2021",13399.43909,1311.05,12088.38909
GB,"Dec 4, 2021",13322.58565,1477.84,11844.74565
GB,"Dec 13, 2021",13250.66733,1447.309851,11803.35748
GB,"Dec 14, 2021",13183.7327,948.65,12235.0827
GB,"Dec 3, 2021",13001.88292,1188.6,11813.28292
US,"Dec 27, 2021",12903.69799,1519.688294,11384.0097
SE,"Dec 9, 2021",12794.23274,3374.705442,9419.527296
SE,"Dec 17, 2021",12277.12961,6556.267836,5720.861774
GB,"Dec 6, 2021",12049.18194,1341.3,10707.88194
SE,"Dec 18, 2021",11809.09368,6850.343307,4958.750377
SE,"Dec 19, 2021",11447.65018,6470.579681,4977.0705
GB,"Dec 7, 2021",10802.36803,1870.15,8932.218035
GB,"Dec 15, 2021",10624.36114,973.675403,9650.685736
SE,"Dec 21, 2021",10458.22737,5277.200037,5181.027337
SE,"Dec 20, 2021",10454.00799,5590.97582,4863.032168
GB,"Dec 2, 2021",10437.91317,961.609286,9476.303884
SE,"Dec 22, 2021",10425.48699,5164.968386,5260.518601
GB,"Dec 9, 2021",10256.08757,1388.61,8867.477572
SE,"Dec 29, 2021",10041.32281,500.256827,9541.065981
SE,"Dec 30, 2021",9974.763396,624.410796,9350.3526
GB,"Dec 8, 2021",9925.412416,1237.18,8688.232416
AU,"Dec 5, 2021",9267.235741,3452.57,5814.665741
SE,"Dec 28, 2021",9127.411176,653.944235,8473.466941
GB,"Dec 29, 2021",9108.787034,1598.409747,7510.377287
GB,"Dec 10, 2021",9020.434773,531.74,8488.694773
GB,"Dec 28, 2021",8976.745414,1750.280035,7226.465379
DE,"Dec 11, 2021",8826.134463,2924.86,5901.274463
GB,"Dec 30, 2021",8573.025342,1212.950442,7360.0749
AU,"Dec 6, 2021",8487.368192,3511.557148,4975.811044
FR,"Dec 15, 2021",8411.744565,7210.445909,1201.298656
SE,"Dec 31, 2021",8383.194522,399.513222,7983.6813
GB,"Dec 16, 2021",8336.458377,985.292791,7351.165586
GB,"Dec 26, 2021",8333.849106,2376.855851,5956.993255
GB,"Dec 31, 2021",8216.62506,1002.32256,7214.3025
GB,"Dec 27, 2021",8214.70001,2078.71691,6135.9831
DE,"Dec 12, 2021",7959.286768,2697.099315,5262.187453
AU,"Dec 4, 2021",7913.348938,2386.99,5526.358938
DE,"Dec 5, 2021",7778.843082,2625.420237,5153.422845
AU,"Dec 8, 2021",7755.733847,3740.98,4014.753847
AU,"Dec 3, 2021",7536.837326,2198.88,5337.957326
GB,"Dec 19, 2021",7432.0898,1861.25,5570.8398
MX,"Dec 3, 2021",7384.638521,51.25,7333.388521
GB,"Dec 1, 2021",7367.182208,1015.94,6351.242208
GB,"Dec 22, 2021",7302.939517,1513.946883,5788.992634
SE,"Dec 27, 2021",7249.903729,659.758129,6590.1456
GB,"Dec 21, 2021",7188.636035,1167.224878,6021.411157
SE,"Dec 25, 2021",7148.625694,1117.52,6031.105694
SE,"Dec 26, 2021",7053.672312,757.562932,6296.10938
MX,"Dec 4, 2021",6997.463745,26.1,6971.363745
DE,"Dec 4, 2021",6991.278605,2340.51,4650.768605
DE,"Dec 3, 2021",6913.578496,2286.38,4627.198496
DE,"Dec 6, 2021",6894.124013,2603.329361,4290.794652
GB,"Dec 25, 2021",6821.502595,1125.115787,5696.386808
GB,"Dec 20, 2021",6667.686931,856.38,5811.306931
GB,"Dec 18, 2021",6560.996269,1085.220839,5475.77543
GB,"Dec 23, 2021",6491.281083,756.14,5735.141083
AU,"Dec 11, 2021",6394.559128,371.14,6023.419128
DE,"Dec 2, 2021",6380.126518,2292.62,4087.506518
GB,"Dec 24, 2021",6306.425992,629.780092,5676.6459
GB,"Dec 17, 2021",6293.047009,950.772486,5342.274523
DE,"Dec 8, 2021",6279.538597,2572.85,3706.688597
AU,"Dec 2, 2021",6271.313007,2289.825368,3981.487639
AU,"Dec 13, 2021",6124.409247,747.18,5377.229247
DE,"Dec 7, 2021",6103.17714,2416.46,3686.71714
AU,"Dec 1, 2021",6093.823859,3078.560972,3015.262887
DE,"Dec 9, 2021",6022.384017,2406.645517,3615.738499
DE,"Dec 13, 2021",5951.371799,2296.355862,3655.015937
SE,"Dec 23, 2021",5887.177857,943.44,4943.737857
AU,"Dec 7, 2021",5876.531818,1823.76,4052.771818
AU,"Dec 12, 2021",5813.044262,192.25,5620.794262
DE,"Dec 1, 2021",5565.894399,2346.178916,3219.715483
SE,"Dec 24, 2021",5501.44057,1137.62707,4363.8135
DE,"Dec 10, 2021",5268.382549,1848.06,3420.322549
AU,"Dec 16, 2021",4936.392006,276.914127,4659.477879
AU,"Dec 14, 2021",4915.442616,305.335416,4610.1072
AU,"Dec 26, 2021",4577.838425,894.244492,3683.593933
AU,"Dec 10, 2021",4405.49895,302.94,4102.55895
AU,"Dec 9, 2021",4391.480208,424.297202,3967.183006
DE,"Dec 14, 2021",4324.6492,1000.51,3324.1392
AU,"Dec 31, 2021",4269.867486,414.605886,3855.2616
AU,"Dec 15, 2021",4263.578403,256.497061,4007.081342
CA,"Dec 1, 2021",4209.458936,2519.89,1689.568936
DE,"Dec 15, 2021",4194.819215,2187.37,2007.449215
AU,"Dec 30, 2021",4051.372648,510.226348,3541.1463
AU,"Dec 17, 2021",3992.368619,255.154323,3737.214296
AU,"Dec 28, 2021",3965.402383,427.533683,3537.8687
AU,"Dec 27, 2021",3941.2575,464.85,3476.4075
CA,"Dec 4, 2021",3854.669447,2243.09,1611.579447
CA,"Dec 11, 2021",3818.678352,1060.31,2758.368352
CA,"Dec 5, 2021",3673.318521,2052.8,1620.518521
AU,"Dec 29, 2021",3672.126706,219.933906,3452.1928
MX,"Dec 2, 2021",3599.056202,36.8,3562.256202
CA,"Dec 2, 2021",3462.109161,1685.880163,1776.228998
AU,"Dec 18, 2021",3253.676496,678.35,2575.326496
AU,"Dec 25, 2021",3118.196551,329.68,2788.516551
CA,"Dec 6, 2021",3095.926534,1159.8,1936.126534
AU,"Dec 23, 2021",3079.614763,404.39,2675.224763
CA,"Dec 12, 2021",3075.3901,1178.09,1897.3001
CA,"Dec 3, 2021",3041.06708,1382.85,1658.21708
AU,"Dec 24, 2021",3022.5629,321.92,2700.6429
AU,"Dec 20, 2021",2931.74934,516.968164,2414.781176
CA,"Dec 13, 2021",2880.130484,821.26,2058.870484
AU,"Dec 19, 2021",2863.823539,302.457139,2561.3664
CA,"Dec 31, 2021",2848.901709,587.888109,2261.0136
CA,"Dec 30, 2021",2822.676595,874.897495,1947.7791
CA,"Dec 26, 2021",2809.266555,1193.18,1616.086555
AU,"Dec 21, 2021",2797.84631,449.66,2348.18631
AU,"Dec 22, 2021",2786.090137,177.19,2608.900137
CA,"Dec 7, 2021",2747.548698,661.07,2086.478698
CA,"Dec 8, 2021",2719.144505,847.86,1871.284505
MX,"Dec 5, 2021",2660.146741,9.34,2650.806741
CA,"Dec 29, 2021",2658.542871,590.31,2068.232871
CA,"Dec 9, 2021",2607.717888,758.01,1849.707888
CA,"Dec 28, 2021",2570.444367,555.71,2014.734367
CA,"Dec 10, 2021",2567.826396,488.85,2078.976396
CA,"Dec 27, 2021",2468.4068,556.19,1912.2168
MX,"Dec 6, 2021",2447.702613,20.8,2426.902613
CA,"Dec 23, 2021",2404.092431,1038.95489,1365.137541
CA,"Dec 14, 2021",2333.5344,523.05,1810.4844
MX,"Dec 11, 2021",2306.362615,10.87,2295.492615
FR,"Dec 16, 2021",2285.195146,1261.49945,1023.695696
CA,"Dec 21, 2021",2272.988199,1000.026367,1272.961832
DE,"Dec 16, 2021",2212.206649,684.37,1527.836649
CA,"Dec 20, 2021",2185.121935,925.71,1259.411935
DE,"Dec 30, 2021",2125.8804,253.74,1872.1404
DE,"Dec 29, 2021",2116.308778,279.616691,1836.692087
CA,"Dec 19, 2021",2112.7006,933.97,1178.7306
MX,"Dec 9, 2021",2101.463877,7,2094.463877
MX,"Dec 7, 2021",2073.139058,14.7,2058.439058
CA,"Dec 16, 2021",2071.350128,796.74,1274.610128
MX,"Dec 10, 2021",2046.584766,3.73,2042.854766
CA,"Dec 24, 2021",2044.5239,674.99,1369.5339
CA,"Dec 18, 2021",2034.712464,686.77,1347.942464
DE,"Dec 28, 2021",2024.48346,414.92,1609.56346
CA,"Dec 17, 2021",2002.609238,651.078075,1351.531163
DE,"Dec 31, 2021",1955.9434,157.57,1798.3734
CA,"Dec 25, 2021",1951.375551,497,1454.375551
MX,"Dec 23, 2021",1907.714859,20.26,1887.454859
DE,"Dec 25, 2021",1865.084609,254.25,1610.834609
MX,"Dec 21, 2021",1859.079036,9.53,1849.549036
MX,"Dec 12, 2021",1854.42757,46.01,1808.41757
MX,"Dec 24, 2021",1847.7269,1.46,1846.2669
MX,"Dec 13, 2021",1833.306604,8.12,1825.186604
MX,"Dec 30, 2021",1825.7958,2.76,1823.0358
MX,"Dec 29, 2021",1824.11282,19.57,1804.54282
MX,"Dec 31, 2021",1817.5799,12.05,1805.5299
MX,"Dec 15, 2021",1806.667989,32.3,1774.367989
MX,"Dec 22, 2021",1801.635365,0.75,1800.885365
MX,"Dec 28, 2021",1793.118049,3.76,1789.358049
MX,"Dec 14, 2021",1781.0754,24.54,1756.5354
DE,"Dec 26, 2021",1777.385146,270.08,1507.305146
MX,"Dec 26, 2021",1767.892756,5.7,1762.192756
NL,"Dec 1, 2021",1759.980313,975.970126,784.0101872
DE,"Dec 17, 2021",1748.708199,286.32,1462.388199
MX,"Dec 16, 2021",1732.906728,14.93,1717.976728
CA,"Dec 22, 2021",1731.791287,570.91,1160.881287
CA,"Dec 15, 2021",1718.627226,309.24,1409.387226
MX,"Dec 20, 2021",1718.348951,13.26,1705.088951
DE,"Dec 19, 2021",1711.185,274.38,1436.805
DE,"Dec 21, 2021",1709.227604,273.76,1435.467604
MX,"Dec 25, 2021",1695.173375,1.65,1693.523375
MX,"Dec 17, 2021",1649.134941,12.59,1636.544941
DE,"Dec 18, 2021",1641.777519,299.34,1342.437519
DE,"Dec 24, 2021",1619.8373,235.55,1384.2873
DE,"Dec 27, 2021",1603.952637,249.722637,1354.23
NL,"Dec 5, 2021",1590.332213,864.242146,726.0900673
NL,"Dec 2, 2021",1574.173007,870.352999,703.8200082
DE,"Dec 20, 2021",1554.737923,167.612223,1387.1257
MX,"Dec 19, 2021",1548.4783,30.97,1517.5083
DE,"Dec 22, 2021",1524.602027,296.01,1228.592027
NL,"Dec 27, 2021",1521.0104,716.84,804.1704
DE,"Dec 23, 2021",1492.355922,183.7,1308.655922
NL,"Dec 28, 2021",1487.819726,537.76,950.0597262
NL,"Dec 3, 2021",1441.20985,788.58,652.62985
FR,"Dec 11, 2021",1427.939873,108.04,1319.899873
NL,"Dec 25, 2021",1425.200484,406.51,1018.690484
NL,"Dec 11, 2021",1421.039794,506.24,914.7997938
NL,"Dec 30, 2021",1409.548,332.77,1076.778
NL,"Dec 19, 2021",1374.0354,652.44,721.5954
NL,"Dec 29, 2021",1362.476425,358.5825,1003.893925
FR,"Dec 12, 2021",1352.931534,99.46,1253.471534
NL,"Dec 23, 2021",1352.712932,393.40627,959.3066619
CH,"Dec 5, 2021",1345.619106,371.04,974.5791063
FR,"Dec 5, 2021",1333.81453,307.71,1026.10453
NL,"Dec 31, 2021",1324.7672,248.87,1075.8972
NL,"Dec 24, 2021",1292.8955,339.98,952.9155
FR,"Dec 6, 2021",1268.252103,199.49,1068.762103
NL,"Dec 6, 2021",1264.593662,582.22,682.3736623
NL,"Dec 20, 2021",1256.554015,616.663979,639.8900359
NL,"Dec 26, 2021",1252.42508,506.81,745.6150802
SG,"Dec 6, 2021",1227.919667,520.33,707.5896671
NL,"Dec 21, 2021",1223.89169,529.498829,694.3928609
FR,"Dec 29, 2021",1198.060089,66.56,1131.500089
PT,"Dec 3, 2021",1185.093171,920.21,264.8831712
AE,"Dec 3, 2021",1181.347224,425.01,756.3372238
FR,"Dec 30, 2021",1169.568531,146.519331,1023.0492
AE,"Dec 4, 2021",1167.613629,391.88,775.7336289
FR,"Dec 8, 2021",1165.06748,185.07,979.9974796
FR,"Dec 20, 2021",1161.638104,164.7,996.9381042
FR,"Dec 9, 2021",1152.461625,208.45,944.0116249
AE,"Dec 5, 2021",1151.084927,453.51,697.574927
NL,"Dec 8, 2021",1146.158316,400.043877,746.1144388
AE,"Dec 24, 2021",1137.1321,132.91,1004.2221
FR,"Dec 7, 2021",1126.582252,267.03,859.5522524
AE,"Dec 6, 2021",1123.919299,523.36,600.5592991
NL,"Dec 12, 2021",1118.961917,378.73,740.2319169
FR,"Dec 17, 2021",1109.790375,179.56,930.2303749
FR,"Dec 27, 2021",1107.719,172.97,934.749
NL,"Dec 18, 2021",1089.27262,430.44,658.8326197
FR,"Dec 10, 2021",1088.834464,148.02,940.8144641
FR,"Dec 28, 2021",1086.69192,163.496792,923.195128
NL,"Dec 4, 2021",1082.019417,368.71,713.3094171
AE,"Dec 25, 2021",1077.8459,42.97,1034.8759
FR,"Dec 26, 2021",1075.296419,102.98,972.3164192
FR,"Dec 4, 2021",1067.847563,137.87,929.9775633
NL,"Dec 22, 2021",1061.791765,324.02,737.7717654
NL,"Dec 9, 2021",1061.172342,322.17,739.0023421
FR,"Dec 3, 2021",1050.30833,173.97,876.3383296
FR,"Dec 19, 2021",1038.8788,71.32,967.5588
AE,"Dec 31, 2021",1037.6402,167.63,870.0102
NL,"Dec 17, 2021",1035.413377,400.654992,634.758385
FR,"Dec 31, 2021",1012.909057,36.101857,976.8072
FR,"Dec 13, 2021",1012.354007,124.76,887.5940068
ES,"Dec 25, 2021",1002.641914,3.44,999.2019143
AE,"Dec 17, 2021",1000.67671,177.01,823.6667098
AE,"Dec 27, 2021",998.3714,182.09,816.2814
FR,"Dec 21, 2021",994.5619148,100.56,894.0019148
NL,"Dec 14, 2021",994.502559,377.722359,616.7802
DK,"Dec 29, 2021",994.1767185,228.87,765.3067185
AE,"Dec 28, 2021",991.4372382,195.518624,795.9186142
CH,"Dec 12, 2021",986.7208541,305.63,681.0908541
AE,"Dec 22, 2021",981.5040094,140.9,840.6040094
FR,"Dec 25, 2021",980.3604159,66.71,913.6504159
CH,"Dec 6, 2021",978.2378926,185.09,793.1478926
AE,"Dec 26, 2021",977.6960318,113.06,864.6360318
CH,"Dec 4, 2021",970.7826105,184.7,786.0826105
AE,"Dec 23, 2021",960.6007123,117.23,843.3707123
NL,"Dec 15, 2021",958.6937219,380.78,577.9137219
SG,"Dec 4, 2021",957.061155,322.36,634.701155
NL,"Dec 10, 2021",955.713382,271.494697,684.218685
SG,"Dec 5, 2021",949.2676472,259.95,689.3176472
FR,"Dec 14, 2021",948.326703,164.194503,784.1322
ES,"Dec 2, 2021",941.0617188,151.7,789.3617188
FR,"Dec 1, 2021",940.789746,213.26,727.529746
ES,"Dec 26, 2021",932.0497191,9.83,922.2197191
SG,"Dec 11, 2021",929.9362083,4.52,925.4162083
ES,"Dec 5, 2021",929.8072081,399.8,530.0072081
HK,"Dec 1, 2021",920.1712478,179.76,740.4112478
AE,"Dec 1, 2021",913.3469966,300.87,612.4769966
FR,"Dec 18, 2021",909.4222527,117.59,791.8322527
ES,"Dec 8, 2021",901.8559443,82.77,819.0859443
ES,"Dec 1, 2021",901.4945037,79.06,822.4345037
FR,"Dec 22, 2021",901.148469,22.12,879.028469
FR,"Dec 24, 2021",897.2487,39.9,857.3487
NL,"Dec 13, 2021",885.8726631,293.270335,592.6023281
CH,"Dec 11, 2021",885.8095879,192.39,693.4195879
ES,"Dec 11, 2021",885.4061007,14.86,870.5461007
HK,"Dec 3, 2021",883.5123884,204.13,679.3823884
DK,"Dec 11, 2021",882.5761793,230.84,651.7361793
ES,"Dec 29, 2021",881.6926387,11.02,870.6726387
AE,"Dec 30, 2021",878.1946,124.45,753.7446
HK,"Dec 4, 2021",876.644965,214.53,662.114965
AE,"Dec 18, 2021",875.4805619,107.76,767.7205619
FR,"Dec 2, 2021",875.4746751,154.15,721.3246751
ES,"Dec 30, 2021",870.8909,0.11,870.7809
NL,"Dec 16, 2021",867.0374288,288.58,578.4574288
AE,"Dec 20, 2021",866.6283073,127.65,738.9783073
AE,"Dec 10, 2021",860.7928296,146.95,713.8428296
HK,"Dec 2, 2021",852.3249796,106.78,745.5449796
DK,"Dec 30, 2021",850.2919,143.56,706.7319
NL,"Dec 7, 2021",849.8988732,197.62,652.2788732
HK,"Dec 11, 2021",846.8525497,11.62,835.2325497
HK,"Dec 12, 2021",843.7298443,174.49,669.2398443
ES,"Dec 3, 2021",830.4241197,172.73,657.6941197
SG,"Dec 1, 2021",827.5617716,75.37,752.1917716
FR,"Dec 23, 2021",825.59306,45.31,780.28306
HK,"Dec 7, 2021",824.2013974,70.54,753.6613974
MX,"Dec 1, 2021",820.3949101,31.1,789.2949101
HK,"Dec 10, 2021",817.3909422,217.97,599.4209422
CH,"Dec 9, 2021",813.4833888,170.82,642.6633888
ES,"Dec 24, 2021",809.1725,2.69,806.4825
ES,"Dec 31, 2021",804.1432,7.9,796.2432
BE,"Dec 5, 2021",800.4009063,277.55,522.8509063
ES,"Dec 4, 2021",798.2003902,279.54,518.6603902
CH,"Dec 3, 2021",798.0099756,121.49,676.5199756
HK,"Dec 6, 2021",796.0522297,163.56,632.4922297
CH,"Dec 1, 2021",795.0015956,110.19,684.8115956
AE,"Dec 21, 2021",794.5025673,145.03,649.4725673
ES,"Dec 23, 2021",785.954271,4.35,781.604271
HK,"Dec 5, 2021",775.7360134,133.65,642.0860134
ES,"Dec 27, 2021",768.2947,3.43,764.8647
AE,"Dec 11, 2021",763.0981209,67.22,695.8781209
SG,"Dec 2, 2021",757.4359223,118.13,639.3059223
HK,"Dec 8, 2021",756.9336232,12.25,744.6836232
NO,"Dec 11, 2021",756.4190904,78.98,677.4390904
DK,"Dec 31, 2021",756.0737,168.47,587.6037
ES,"Dec 28, 2021",754.8705398,11.47,743.4005398
DK,"Dec 12, 2021",753.2195837,116.57,636.6495837
CH,"Dec 13, 2021",747.9731878,236.44,511.5331878
CH,"Dec 7, 2021",747.6268013,62.69,684.9368013
DK,"Dec 28, 2021",746.7961105,62.85,683.9461105
CH,"Dec 16, 2021",745.0909113,129.2,615.8909113
AE,"Dec 16, 2021",744.2376663,131.98,612.2576663
AE,"Dec 2, 2021",744.046882,115.53,628.516882
HK,"Dec 9, 2021",743.0391026,40.04,702.9991026
CH,"Dec 26, 2021",742.3330421,277.81,464.5230421
CH,"Dec 19, 2021",741.3912,277.65,463.7412
AE,"Dec 29, 2021",738.0617084,22.19,715.8717084
DK,"Dec 1, 2021",736.6633387,61.1,675.5633387
SG,"Dec 3, 2021",734.9439307,77.47,657.4739307
CH,"Dec 2, 2021",730.50017,86.13,644.37017
IT,"Dec 11, 2021",728.8653514,34.44,694.4253514
ES,"Dec 12, 2021",727.6334871,0.62,727.0134871
CH,"Dec 25, 2021",726.6562558,237.24,489.4162558
NO,"Dec 3, 2021",717.5191307,243.79,473.7291307
AE,"Dec 7, 2021",707.1127308,281.68,425.4327307
ES,"Dec 6, 2021",705.9769129,107.73,598.2469129
DK,"Dec 4, 2021",705.4288059,234.66,470.7688059
CH,"Dec 8, 2021",703.9546575,115.67,588.2846575
AE,"Dec 19, 2021",700.4198,161.15,539.2698
JP,"Dec 11, 2021",693.9968303,32.65,661.3468303
IT,"Dec 5, 2021",692.6222567,145.55,547.0722567
AE,"Dec 13, 2021",692.2978939,246.12,446.1778939
IT,"Dec 8, 2021",689.3854703,29.34,660.0454703
NO,"Dec 9, 2021",682.2987769,33.8,648.4987769
DK,"Dec 6, 2021",681.8328937,174.76,507.0728937
IE,"Dec 2, 2021",681.3134998,474.34,206.9734998
CH,"Dec 30, 2021",676.6478,216.65,459.9978
JP,"Dec 5, 2021",675.5882751,144.37,531.2182751
ES,"Dec 21, 2021",674.9350132,11.59,663.3450132
ES,"Dec 9, 2021",669.7489466,42.72,627.0289466
DK,"Dec 5, 2021",664.7712759,84.78,579.9912759
CH,"Dec 15, 2021",659.641121,128.74,530.901121
SG,"Dec 7, 2021",658.5558622,25.19,633.3658622
CH,"Dec 17, 2021",658.0577598,75.04,583.0177598
ES,"Dec 15, 2021",654.3013898,12.75,641.5513898
CH,"Dec 22, 2021",648.6293684,203.39,445.2393684
BE,"Dec 11, 2021",648.3726168,16.64,631.7326168
CH,"Dec 28, 2021",643.6404379,206.21,437.4304379
DK,"Dec 15, 2021",640.8279642,179.62,461.2079642
DK,"Dec 19, 2021",638.5407,230.4,408.1407
AE,"Dec 8, 2021",638.1210636,144.05,494.0710636
IT,"Dec 10, 2021",636.3320122,18.63,617.7020122
CH,"Dec 18, 2021",634.520307,133.9,500.620307
NO,"Dec 6, 2021",633.9455913,85.47,548.4755913
IE,"Dec 1, 2021",632.7337319,404.61,228.1237318
ES,"Dec 19, 2021",632.5938,0.84,631.7538
CH,"Dec 29, 2021",631.354057,132.6,498.754057
SG,"Dec 12, 2021",629.9426898,86.05,543.8926898
ES,"Dec 16, 2021",628.2743562,8.53,619.7443562
NO,"Dec 5, 2021",626.5789724,151.29,475.2889724
JP,"Dec 4, 2021",626.2613451,48.92,577.3413451
NO,"Dec 12, 2021",625.6438292,27.51,598.1338292
NO,"Dec 14, 2021",625.2315,84.09,541.1415
BE,"Dec 12, 2021",620.2831752,25.34,594.9431752
NO,"Dec 7, 2021",618.2440359,6.98,611.2640359
BE,"Dec 6, 2021",618.2295647,65.9,552.3295647
BE,"Dec 4, 2021",616.2451087,138.21,478.0351087
HK,"Dec 13, 2021",615.5843578,44.41,571.1743578
DK,"Dec 8, 2021",613.3023149,117.03,496.2723149
ES,"Dec 18, 2021",611.7100271,0.22,611.4900271
ES,"Dec 7, 2021",607.2980935,61.13,546.1680935
ES,"Dec 22, 2021",604.9284178,4.67,600.2584178
ES,"Dec 13, 2021",604.3792512,3.92,600.4592513
BE,"Dec 16, 2021",598.579404,40.27,558.309404
DK,"Dec 3, 2021",596.2582699,76.07,520.1882699
CH,"Dec 10, 2021",592.436371,75.06,517.376371
DK,"Dec 2, 2021",591.5506826,65.86,525.6906826
NO,"Dec 16, 2021",587.4205389,16.67,570.7505389
NO,"Dec 13, 2021",580.9788784,102.54,478.4388784
CH,"Dec 20, 2021",580.1314617,182.897587,397.2338747
BE,"Dec 18, 2021",575.4532895,15.93,559.5232895
AE,"Dec 9, 2021",575.3935593,40.85,534.5435593
ES,"Dec 20, 2021",574.9102139,2.18,572.7302139
NO,"Dec 15, 2021",574.8860761,71.62,503.2660761
ES,"Dec 10, 2021",573.3052673,4.83,568.4752673
NO,"Dec 10, 2021",572.2640752,22.18,550.0840752
DK,"Dec 18, 2021",570.2847474,120.31,449.9747474
DK,"Dec 16, 2021",568.8288692,22.3,546.5288692
BE,"Dec 19, 2021",568.1454,22.71,545.4354
DK,"Dec 9, 2021",565.8768189,60.29,505.5868189
CH,"Dec 14, 2021",565.7813,101.93,463.8513
BE,"Dec 13, 2021",565.4102854,18.64,546.7702854
CH,"Dec 24, 2021",561.9888,144.93,417.0588
BE,"Dec 1, 2021",561.2166509,117.08,444.1366509
CH,"Dec 21, 2021",560.7676226,128.63,432.1376226
JP,"Dec 7, 2021",555.4320393,46.98,508.4520393
BE,"Dec 10, 2021",554.5650209,64.39,490.1750209
BE,"Dec 15, 2021",554.205432,29.58,524.625432
BE,"Dec 20, 2021",554.0371525,18.41,535.6271525
IT,"Dec 4, 2021",553.0073096,72.44,480.5673096
ES,"Dec 17, 2021",551.7528683,0.44,551.3128683
DK,"Dec 7, 2021",543.6634608,39.06,504.6034608
BE,"Dec 23, 2021",542.5955727,11.25,531.3455727
HK,"Dec 14, 2021",542.4862,18.19,524.2962
ES,"Dec 14, 2021",541.9364,6.41,535.5264
NO,"Dec 29, 2021",537.4079129,56.38,481.0279129
SG,"Dec 8, 2021",537.072414,5.47,531.602414
IE,"Dec 3, 2021",534.9519678,330.84,204.1119678
JP,"Dec 9, 2021",534.7732483,0.56,534.2132483
NO,"Dec 1, 2021",533.4696894,52.34,481.1296894
NO,"Dec 19, 2021",533.1214,124.21,408.9114
IT,"Dec 12, 2021",531.0448313,25.44,505.6048313
NO,"Dec 8, 2021",529.3835446,48.52,480.8635446
JP,"Dec 10, 2021",525.0845966,9.25,515.8345966
DK,"Dec 25, 2021",524.3739457,37.38,486.9939457
IT,"Dec 6, 2021",523.6354019,23.83,499.8054019
DK,"Dec 10, 2021",523.0127478,69.51,453.5027478
DK,"Dec 14, 2021",522.7476,40.95,481.7976
DK,"Dec 27, 2021",522.3933,12.3,510.0933
AT,"Dec 1, 2021",521.4085135,265.54,255.8685135
AE,"Dec 12, 2021",520.7046831,38.46,482.2446831
BE,"Dec 8, 2021",515.308371,25.97,489.338371
BE,"Dec 21, 2021",514.4359638,6.11,508.3259638
IT,"Dec 13, 2021",512.9386345,59.38,453.5586345
BE,"Dec 17, 2021",510.9041458,8.91,501.9941458
BE,"Dec 14, 2021",508.5112,0.73,507.7812
DK,"Dec 26, 2021",508.467188,50.22,458.247188
BE,"Dec 31, 2021",507.4204,0.52,506.9004
SA,"Dec 4, 2021",505.820026,10.61,495.210026
BE,"Dec 25, 2021",504.4852741,5.6,498.8852741
DK,"Dec 13, 2021",504.1538056,31.31,472.8438056
BE,"Dec 9, 2021",503.7512657,15.01,488.7412657
CH,"Dec 23, 2021",503.1408681,97.31,405.8308681
DK,"Dec 20, 2021",500.6528022,70.94,429.7128022
SA,"Dec 3, 2021",500.3794245,73.77,426.6094245
SG,"Dec 10, 2021",499.170854,3.93,495.240854
SG,"Dec 14, 2021",498.9363,84.63,414.3063
PT,"Dec 2, 2021",495.0373445,235.77,259.2673445
NO,"Dec 2, 2021",493.3873674,43.22,450.1673674
CH,"Dec 27, 2021",493.2964,100.9,392.3964
JP,"Dec 17, 2021",491.7803148,7.4,484.3803148
BE,"Dec 30, 2021",490.3853,0.11,490.2753
BE,"Dec 29, 2021",488.5218239,3.2,485.3218239
BE,"Dec 3, 2021",487.7348244,42.85,444.8848244
BE,"Dec 7, 2021",485.8828081,6.57,479.3128081
BE,"Dec 2, 2021",484.4399839,43.08,441.3599839
NO,"Dec 30, 2021",481.2636,25.89,455.3736
AE,"Dec 14, 2021",479.996872,100.812472,379.1844
NO,"Dec 4, 2021",476.2398006,50.39,425.8498006
CH,"Dec 31, 2021",475.7176,26.95,448.7676
JP,"Dec 25, 2021",471.5268529,2.48,469.0468529
JP,"Dec 1, 2021",464.9022106,70.53,394.3722106
DK,"Dec 17, 2021",459.687671,4.15,455.537671
DK,"Dec 21, 2021",458.4421464,10.12,448.3221464
AE,"Dec 15, 2021",458.3926954,113.34,345.0526954
IT,"Dec 17, 2021",454.6489741,35.66,418.9889741
JP,"Dec 26, 2021",454.2950797,9.04,445.2550797
NO,"Dec 17, 2021",453.3124858,4.38,448.9324858
JP,"Dec 2, 2021",451.4650119,87.61,363.8550119
PT,"Dec 11, 2021",446.9424086,132.92,314.0224086
BE,"Dec 26, 2021",446.2715916,4.76,441.5115916
DK,"Dec 22, 2021",445.7189794,0.92,444.7989794
NZ,"Dec 1, 2021",443.0774376,412.36,30.71743758
JP,"Dec 6, 2021",441.9248335,88.13,353.7948335
JP,"Dec 16, 2021",439.7193995,4.39,435.3293995
IT,"Dec 9, 2021",438.3871849,8.22,430.1671849
IT,"Dec 1, 2021",438.2540775,41.79,396.4640775
BE,"Dec 27, 2021",434.7019,3.22,431.4819
IE,"Dec 11, 2021",433.8794168,23.08,410.7994168
BE,"Dec 24, 2021",433.4576,6.71,426.7476
IE,"Dec 6, 2021",432.8293491,181.33,251.4993491
SA,"Dec 1, 2021",432.4587656,41.94,390.5187656
NO,"Dec 18, 2021",426.6892997,16.13,410.5592997
SG,"Dec 25, 2021",422.321428,0.95,421.371428
BE,"Dec 28, 2021",420.4314947,3.7,416.7314947
IT,"Dec 3, 2021",419.7523567,13.4,406.3523567
AT,"Dec 5, 2021",418.6401031,134.92,283.7201031
IT,"Dec 15, 2021",418.3194183,32.75,385.5694183
IT,"Dec 7, 2021",413.2997629,6.89,406.4097629
IE,"Dec 8, 2021",413.1141,124.64,288.4741
DK,"Dec 23, 2021",412.5163011,0.74,411.7763011
NO,"Dec 20, 2021",411.8898353,52.86,359.0298353
SA,"Dec 5, 2021",411.7294057,72.08,339.6494057
IT,"Dec 16, 2021",408.8727069,3.38,405.4927069
JP,"Dec 27, 2021",401.8042,66.88,334.9242
IT,"Dec 14, 2021",400.5296,15.62,384.9096
SG,"Dec 26, 2021",397.9070823,14.86,383.0470823
AT,"Dec 2, 2021",397.8922732,180.46,217.4322732
IT,"Dec 2, 2021",397.0427365,12.05,384.9927365
IE,"Dec 7, 2021",393.7832563,23.88,369.9032563
JP,"Dec 21, 2021",385.9409171,5.88,380.0609171
NO,"Dec 28, 2021",384.0490644,13.67,370.3790644
DK,"Dec 24, 2021",383.87,9.53,374.34
SG,"Dec 31, 2021",383.6906,8.69,375.0006
IE,"Dec 4, 2021",381.2654772,110.1,271.1654772
SG,"Dec 30, 2021",379.3694,5.69,373.6794
IT,"Dec 29, 2021",376.9480817,5.58,371.3680817
FI,"Dec 1, 2021",374.4777484,186.65,187.8277484
SG,"Dec 27, 2021",369.0918,3.78,365.3118
IT,"Dec 21, 2021",366.3705703,8.99,357.3805703
KR,"Dec 4, 2021",364.6749219,2.02,362.6549219
JP,"Dec 19, 2021",363.1399,10.93,352.2099
IT,"Dec 25, 2021",361.4119911,12.93,348.4819911
JP,"Dec 3, 2021",360.9023653,13.89,347.0123653
IE,"Dec 5, 2021",360.1346821,116.6,243.5346821
IT,"Dec 30, 2021",359.7911,39.29,320.5011
IT,"Dec 31, 2021",353.7933,8.85,344.9433
SG,"Dec 22, 2021",352.3724694,4.02,348.3524694
JP,"Dec 22, 2021",347.3961465,6.09,341.3061465
IT,"Dec 28, 2021",346.7517442,6.21,340.5417442
SG,"Dec 29, 2021",344.9429267,1.21,343.7329267
NO,"Dec 25, 2021",341.2091231,16.73,324.4791231
IT,"Dec 23, 2021",339.5528497,8.15,331.4028497
NO,"Dec 26, 2021",338.667452,19.59,319.077452
NO,"Dec 21, 2021",337.7248896,8.97,328.7548896
KR,"Dec 5, 2021",337.3646489,3.11,334.2546489
IT,"Dec 22, 2021",336.6888346,3.53,333.1588346
IT,"Dec 20, 2021",335.3115858,7.99,327.3215858
SG,"Dec 23, 2021",333.0478277,7.15,325.8978277
IT,"Dec 26, 2021",321.1269409,2.6,318.5269409
PT,"Dec 4, 2021",315.5906725,26.92,288.6706725
IT,"Dec 19, 2021",314.0676,8.43,305.6376
SA,"Dec 8, 2021",311.2744344,4.64,306.6344344
SG,"Dec 28, 2021",311.039391,5.84,305.199391
IE,"Dec 9, 2021",307.4740205,54.02,253.4540205
KR,"Dec 12, 2021",305.5375303,0.83,304.7075303
SG,"Dec 21, 2021",304.633286,11.11,293.523286
NO,"Dec 27, 2021",304.0758,0.42,303.6558
AT,"Dec 8, 2021",303.3899557,39.79,263.5999557
SA,"Dec 9, 2021",302.9634701,6.79,296.1734701
NO,"Dec 22, 2021",301.7906255,55.83,245.9606255
SA,"Dec 6, 2021",299.0651209,22.57,276.4951209
IT,"Dec 27, 2021",294.2972,0.11,294.1872
IT,"Dec 24, 2021",292.3039,12.76,279.5439
PT,"Dec 5, 2021",292.2723509,40.04,252.2323509
IE,"Dec 13, 2021",291.2611978,29.84,261.4211978
AT,"Dec 16, 2021",286.5804006,17.83,268.7504006
AT,"Dec 9, 2021",285.6087975,26.98,258.6287975
FI,"Dec 31, 2021",285.4794,10.89,274.5894
AT,"Dec 4, 2021",284.7245737,83.69,201.0345737
AT,"Dec 15, 2021",284.4365257,100.68,183.7565257
FI,"Dec 29, 2021",284.2482945,0.52,283.7282945
PT,"Dec 1, 2021",280.6165878,49.3,231.3165878
FI,"Dec 30, 2021",279.6729,1.23,278.4429
SG,"Dec 17, 2021",277.0033186,5.31,271.6933186
NZ,"Dec 5, 2021",276.2614449,229.25,47.01144486
UA,"Dec 4, 2021",272.8989369,20.78,252.1189369
KR,"Dec 14, 2021",272.2424,71.42,200.8224
SG,"Dec 16, 2021",269.9947777,7.52,262.4747777
AT,"Dec 12, 2021",269.3868592,1.03,268.3568592
FI,"Dec 12, 2021",268.2288508,9.33,258.8988508
NO,"Dec 23, 2021",268.0088643,6.63,261.3788643
IE,"Dec 10, 2021",266.3122443,4.1,262.2122443
KR,"Dec 3, 2021",263.448632,63.3,200.148632
FI,"Dec 11, 2021",261.4058155,17.34,244.0658155
FI,"Dec 23, 2021",259.6199377,128.38,131.2399377
JP,"Dec 20, 2021",257.9294079,0.41,257.5194079
SG,"Dec 18, 2021",257.789465,2.69,255.099465
IE,"Dec 12, 2021",256.7431679,8.1,248.6431679
FI,"Dec 28, 2021",253.7112166,1.14,252.5712167
KR,"Dec 2, 2021",252.9640565,9.55,243.4140565
TW,"Dec 5, 2021",251.8705502,137.81,114.0605502
KR,"Dec 6, 2021",251.5136883,24.9,226.6136883
PT,"Dec 10, 2021",251.4282327,18.73,232.6982327
PT,"Dec 9, 2021",249.3438553,6.9,242.4438553
KR,"Dec 16, 2021",246.5004089,0.1,246.4004089
IE,"Dec 16, 2021",243.2101172,19.49,223.7201172
SA,"Dec 18, 2021",242.1233173,27.21,214.9133173
IE,"Dec 29, 2021",241.6808624,21.04,220.6408624
KR,"Dec 29, 2021",241.3465514,25.44,215.9065514
PT,"Dec 6, 2021",239.8944764,12.51,227.3844764
AT,"Dec 3, 2021",238.0839137,31.66,206.4239137
KR,"Dec 1, 2021",238.0749273,42.21,195.8649273
FI,"Dec 4, 2021",237.4320462,50.82,186.6120462
IE,"Dec 30, 2021",234.371,2.06,232.311
AT,"Dec 10, 2021",230.4795332,22.67,207.8095332
FI,"Dec 9, 2021",228.3921076,41.99,186.4021075
IE,"Dec 14, 2021",227.142,4.74,222.402
IE,"Dec 26, 2021",226.9458719,49.02,177.9258719
AT,"Dec 6, 2021",225.58108,11.19,214.39108
IE,"Dec 28, 2021",222.4360762,30.09,192.3460762
KR,"Dec 11, 2021",222.0091169,6.44,215.5691169
BR,"Dec 4, 2021",221.1257949,53.23,167.8957949
AT,"Dec 18, 2021",220.5507384,19.62,200.9307384
AT,"Dec 21, 2021",219.6395108,8.36,211.2795108
KR,"Dec 9, 2021",218.6274259,4.81,213.8174259
FI,"Dec 8, 2021",216.9785167,8.63,208.3485167
PT,"Dec 29, 2021",215.9518404,5.22,210.7318404
AT,"Dec 7, 2021",213.2393881,22.24,190.9993881
IE,"Dec 27, 2021",211.3026,65.31,145.9926
PT,"Dec 8, 2021",210.4555113,7.39,203.0655113
AT,"Dec 19, 2021",209.8367,15.29,194.5467
AT,"Dec 17, 2021",209.2135357,0.93,208.2835357
FI,"Dec 10, 2021",208.4317541,59.43,149.0017541
PT,"Dec 17, 2021",207.4204324,41.3,166.1204324
KR,"Dec 7, 2021",207.3202929,18.74,188.5802929
FI,"Dec 6, 2021",206.5844982,8.27,198.3144982
PT,"Dec 30, 2021",205.0856,0.74,204.3456
FI,"Dec 24, 2021",201.6402,80.31,121.3302
AT,"Dec 14, 2021",200.6093,3.2,197.4093
SA,"Dec 14, 2021",200.4408,1.38,199.0608
FI,"Dec 2, 2021",199.4511973,31.01,168.4411973
PT,"Dec 25, 2021",197.1465355,11.84,185.3065355
IE,"Dec 20, 2021",196.7121163,25.95,170.7621163
PT,"Dec 28, 2021",195.6968873,2.47,193.2268873
IE,"Dec 15, 2021",194.5332147,3.4,191.1332146
LU,"Dec 6, 2021",193.0814326,143.2,49.88143257
FI,"Dec 3, 2021",192.9317605,0.93,192.0017605
NZ,"Dec 3, 2021",192.8207998,156.27,36.55079982
PT,"Dec 18, 2021",191.5106366,12.93,178.5806366
KR,"Dec 8, 2021",190.5524954,10.38,180.1724954
AT,"Dec 20, 2021",189.0083897,44.89,144.1183897
FI,"Dec 14, 2021",188.0464,4.84,183.2064
AT,"Dec 13, 2021",187.4477659,24,163.4477659
FI,"Dec 26, 2021",184.1646389,7.56,176.6046389
KR,"Dec 13, 2021",183.5349261,3.54,179.9949261
PT,"Dec 23, 2021",183.1159129,1.56,181.5559129
PT,"Dec 7, 2021",182.7939434,4.11,178.6839434
FI,"Dec 20, 2021",180.9814383,10.99,169.9914383
UA,"Dec 3, 2021",180.7313753,1.06,179.6713753
KR,"Dec 10, 2021",178.5405647,4.54,174.0005647
KR,"Dec 27, 2021",177.4792,2.2,175.2792
KR,"Dec 24, 2021",177.3639,7.92,169.4439
IE,"Dec 24, 2021",177.0711,32.73,144.3411
FI,"Dec 5, 2021",177.0181969,8.9,168.1181969
FI,"Dec 27, 2021",175.8063,3.72,172.0863
PT,"Dec 15, 2021",175.5406587,9.29,166.2506587
AT,"Dec 23, 2021",175.1191138,11.95,163.1691138
PT,"Dec 24, 2021",173.8478,0.11,173.7378
FI,"Dec 15, 2021",173.7827807,16.23,157.5527807
PT,"Dec 12, 2021",173.7521239,3.28,170.4721239
BR,"Dec 3, 2021",173.5307461,42.08,131.4507461
FI,"Dec 17, 2021",172.3023876,16.42,155.8823876
AT,"Dec 31, 2021",170.4257,65.06,105.3657
PT,"Dec 20, 2021",168.0762356,15.15,152.9262356
IE,"Dec 25, 2021",167.3327611,17.48,149.8527611
AT,"Dec 24, 2021",166.6883,3.41,163.2783
FI,"Dec 25, 2021",165.9182143,10.34,155.5782143
FI,"Dec 18, 2021",164.9066687,1.85,163.0566687
PT,"Dec 19, 2021",164.4386,0.83,163.6086
KR,"Dec 21, 2021",164.4055723,2.12,162.2855723
PT,"Dec 16, 2021",163.816343,0.21,163.606343
IE,"Dec 22, 2021",163.5225586,26.89,136.6325586
IE,"Dec 18, 2021",160.4100348,4.73,155.6800348
PT,"Dec 22, 2021",159.8125054,0.94,158.8725054
FI,"Dec 13, 2021",158.8052553,7.5,151.3052553
PT,"Dec 26, 2021",157.9534884,4.03,153.9234883
KR,"Dec 19, 2021",157.6301,3.38,154.2501
FI,"Dec 16, 2021",156.4023173,19.66,136.7423173
FI,"Dec 21, 2021",155.1933476,17.68,137.5133476
AT,"Dec 29, 2021",154.9241083,7.61,147.3141083
AT,"Dec 22, 2021",154.3278925,11.75,142.5778925
IE,"Dec 19, 2021",154.2095,0.62,153.5895
KR,"Dec 17, 2021",153.9886711,2.84,151.1486711
PT,"Dec 14, 2021",153.1376,12.65,140.4876
PT,"Dec 13, 2021",152.0768686,7.2,144.8768686
KR,"Dec 22, 2021",149.9188815,6.24,143.6788815
TW,"Dec 7, 2021",149.4555287,56.21,93.24552867
AT,"Dec 30, 2021",149.024,23.51,125.514
UA,"Dec 2, 2021",147.4335726,0.02,147.4135726
KR,"Dec 23, 2021",146.3117037,2.19,144.1217037
AT,"Dec 28, 2021",145.3930689,10.96,134.4330689
KW,"Dec 3, 2021",143.8190954,133.03,10.78909536
GI,"Dec 23, 2021",143.75,143.75,0
JO,"Dec 11, 2021",142.98,142.98,0
BR,"Dec 5, 2021",141.0405558,49.66,91.38055578
PT,"Dec 21, 2021",140.4657146,0.31,140.1557146
NZ,"Dec 4, 2021",135.5315329,76.19,59.34153285
TW,"Dec 31, 2021",134.3093,2.96,131.3493
IL,"Dec 5, 2021",131.8567714,67.45,64.40677143
TW,"Dec 4, 2021",131.0926253,1.4,129.6926253
IE,"Dec 23, 2021",127.8440936,2.99,124.8540936
ZA,"Dec 1, 2021",125.551078,124.34,1.21107798
MY,"Dec 5, 2021",123.1347486,106.4,16.73474859
FI,"Dec 22, 2021",121.6256678,3.82,117.8056678
CZ,"Dec 6, 2021",120.8629415,98.62,22.24294149
TW,"Dec 30, 2021",118.4581,10.45,108.0081
TW,"Dec 21, 2021",118.297299,20.97,97.327299
KW,"Dec 2, 2021",116.0283064,106.12,9.90830637
AT,"Dec 27, 2021",115.0232,12.41,102.6132
TW,"Dec 27, 2021",114.2968,18.73,95.5668
TW,"Dec 25, 2021",112.3263297,21.71,90.61632966
SA,"Dec 29, 2021",111.3405312,0.91,110.4305312
TW,"Dec 12, 2021",110.3408474,17.47,92.87084736
MY,"Dec 1, 2021",109.621767,107.64,1.98176697
TW,"Dec 22, 2021",109.3577669,0.36,108.9977669
AT,"Dec 26, 2021",108.7444332,7.45,101.2944332
TW,"Dec 8, 2021",107.8612142,17.83,90.03121422
TW,"Dec 24, 2021",103.564,0.07,103.494
QA,"Dec 14, 2021",101.3579,26.6,74.7579
TW,"Dec 29, 2021",101.2479092,4.69,96.55790919
TW,"Dec 9, 2021",101.0506212,13.74,87.3106212
IL,"Dec 12, 2021",98.90707181,1.82,97.08707181
IL,"Dec 3, 2021",94.5034455,19.2,75.3034455
IL,"Dec 28, 2021",94.47317252,14.54,79.93317252
TW,"Dec 26, 2021",92.63601301,0.37,92.26601301
TW,"Dec 28, 2021",89.67203858,0.05,89.62203858
NZ,"Dec 11, 2021",86.67906667,2.53,84.14906667
NZ,"Dec 6, 2021",85.64450682,42.48,43.16450682
GR,"Dec 1, 2021",85.47448162,58.06,27.41448162
IL,"Dec 4, 2021",84.14032548,14.67,69.47032548
GR,"Dec 4, 2021",82.86801183,50.61,32.25801183
GR,"Dec 2, 2021",82.59073467,45.93,36.66073467
NZ,"Dec 13, 2021",82.06308976,22.66,59.40308976
TW,"Dec 3, 2021",81.68853085,12.22,69.46853085
ZA,"Dec 6, 2021",80.20215323,78.11,2.09215323
CZ,"Dec 4, 2021",79.42893021,57.63,21.79893021
PH,"Dec 10, 2021",79.01393676,75.6,3.41393676
ZA,"Dec 2, 2021",77.07276879,73.77,3.30276879
NZ,"Dec 10, 2021",76.46854421,17,59.46854421
IL,"Dec 6, 2021",75.76881346,9.04,66.72881346
TW,"Dec 10, 2021",75.45060954,5.52,69.93060954
BB,"Dec 8, 2021",75.42,75.42,0
IL,"Dec 1, 2021",74.5151293,23.98,50.5351293
NZ,"Dec 2, 2021",74.40612002,43.25,31.15612002
PR,"Dec 6, 2021",74.05260828,71.52,2.53260828
IL,"Dec 26, 2021",73.48712857,1.48,72.00712857
PR,"Dec 5, 2021",70.52135596,68.98,1.54135596
TW,"Dec 2, 2021",69.84417489,5.22,64.62417489
PL,"Dec 1, 2021",69.2325495,32.79,36.4425495
TW,"Dec 1, 2021",69.16476415,7.84,61.32476415
LK,"Dec 3, 2021",67.75064495,66.98,0.77064495
UA,"Dec 1, 2021",66.25432293,61.41,4.84432293
BR,"Dec 2, 2021",65.59490883,0.09,65.50490883
NZ,"Dec 12, 2021",65.4526142,0.5,64.9526142
NZ,"Dec 8, 2021",65.34522731,20.99,44.35522731
IL,"Dec 8, 2021",65.15412049,5.17,59.98412049
CZ,"Dec 9, 2021",64.79504222,48.5,16.29504222
GR,"Dec 11, 2021",63.50390612,5.84,57.66390612
BR,"Dec 6, 2021",62.744607,0.09,62.654607
TW,"Dec 13, 2021",62.45066637,1.5,60.95066637
MY,"Dec 3, 2021",62.21177516,48.23,13.98177516
TH,"Dec 5, 2021",61.28912475,50.94,10.34912475
IL,"Dec 10, 2021",60.03322119,5.19,54.84322119
CZ,"Dec 5, 2021",58.37601001,17.53,40.84601001
KW,"Dec 11, 2021",58.03058001,52.89,5.14058001
ZA,"Dec 4, 2021",57.62162293,55.75,1.87162293
TW,"Dec 16, 2021",57.35786233,3.85,53.50786233
IL,"Dec 27, 2021",57.2738,9.05,48.2238
TR,"Dec 6, 2021",56.91227525,54.71,2.20227525
IL,"Dec 13, 2021",56.13322856,1.73,54.40322856
TW,"Dec 14, 2021",55.3098,0.48,54.8298
TW,"Dec 17, 2021",55.19819955,6.54,48.65819955
NZ,"Dec 9, 2021",55.16758171,3.64,51.52758171
MT,"Dec 1, 2021",54.78245596,52.03,2.75245596
GR,"Dec 6, 2021",54.62213148,23.46,31.16213148
ZA,"Dec 3, 2021",54.1613899,52.51,1.6513899
IL,"Dec 19, 2021",54.0874,1.9,52.1874
CZ,"Dec 2, 2021",53.77983749,30.11,23.66983749
GR,"Dec 28, 2021",53.5016303,8.03,45.4716303
SK,"Dec 4, 2021",53.49381001,26.08,27.41381001
GR,"Dec 26, 2021",53.42756888,13.13,40.29756888
TW,"Dec 18, 2021",53.33634859,1.81,51.52634859
CZ,"Dec 31, 2021",52.2672,0.3,51.9672
NZ,"Dec 28, 2021",52.12555232,2.36,49.76555232
IL,"Dec 21, 2021",51.7141495,2.5,49.2141495
CZ,"Dec 11, 2021",51.4420126,2.83,48.6120126
MY,"Dec 6, 2021",50.1565818,34.08,16.0765818
NZ,"Dec 7, 2021",49.53264045,2.58,46.95264045
VN,"Dec 1, 2021",48.6602,48.44,0.2202
SK,"Dec 2, 2021",48.0905192,35.54,12.5505192
DZ,"Dec 30, 2021",47.6431,0.19,47.4531
GR,"Dec 8, 2021",46.50408836,21.74,24.76408836
NZ,"Dec 26, 2021",45.71156797,1.12,44.59156797
LU,"Dec 4, 2021",45.15786042,1.56,43.59786042
GR,"Dec 18, 2021",45.08981465,0.83,44.25981465
LU,"Dec 7, 2021",44.84524663,4.93,39.91524663
MY,"Dec 7, 2021",44.58828763,39.97,4.61828763
GR,"Dec 27, 2021",44.4991,1.45,43.0491
TW,"Dec 15, 2021",44.39941192,0.91,43.48941192
SI,"Dec 5, 2021",43.81960273,32.92,10.89960273
GR,"Dec 16, 2021",43.45850546,0.41,43.04850546
SK,"Dec 3, 2021",43.45539991,25.18,18.27539991
GR,"Dec 23, 2021",43.04924222,0.11,42.93924222
LU,"Dec 3, 2021",42.78543649,0.73,42.05543649
MY,"Dec 9, 2021",42.7635202,28.12,14.6435202
LU,"Dec 10, 2021",42.70709708,1.85,40.85709708
GR,"Dec 22, 2021",42.6747596,3.92,38.7547596
QA,"Dec 4, 2021",42.52133394,40.98,1.54133394
IL,"Dec 18, 2021",42.19495869,3.33,38.86495869
NZ,"Dec 31, 2021",41.8967,1.49,40.4067
GR,"Dec 7, 2021",41.30951104,12.94,28.36951104
GR,"Dec 9, 2021",41.07968444,8.93,32.14968444
PL,"Dec 14, 2021",40.7898,7.98,32.8098
GR,"Dec 31, 2021",40.6166,0.32,40.2966
PL,"Dec 5, 2021",39.94970546,17.6,22.34970546
CO,"Dec 2, 2021",39.82378071,35.31,4.51378071
GR,"Dec 17, 2021",39.38051065,0.52,38.86051065
GR,"Dec 5, 2021",39.30455405,0.11,39.19455405
GR,"Dec 10, 2021",38.81189608,2.47,36.34189608
PL,"Dec 4, 2021",38.68596233,20.3,18.38596233
BA,"Dec 2, 2021",38.2789778,3.71,34.5689778
GR,"Dec 29, 2021",37.76427707,0.11,37.65427707
GR,"Dec 3, 2021",37.62116679,0.63,36.99116679
PH,"Dec 23, 2021",37.32985505,26.54,10.78985505
PL,"Dec 2, 2021",37.02153112,23.26,13.76153112
MT,"Dec 2, 2021",37.0126798,33.82,3.1926798
QA,"Dec 13, 2021",36.93752504,16.7,20.23752504
PL,"Dec 3, 2021",36.51448426,7.45,29.06448426
GR,"Dec 20, 2021",36.49168344,0.93,35.56168344
AL,"Dec 3, 2021",36.42977689,1.09,35.33977689
LU,"Dec 15, 2021",36.15893394,4.23,31.92893394
LU,"Dec 8, 2021",36.02815515,4.11,31.91815515
IL,"Dec 15, 2021",35.81604495,7.08,28.73604495
TR,"Dec 4, 2021",35.78315687,32.15,3.63315687
IS,"Dec 6, 2021",35.65749181,28.39,7.26749181
MY,"Dec 2, 2021",35.44553758,28.84,6.60553758
MV,"Dec 12, 2021",35.04,35.04,0
CZ,"Dec 10, 2021",34.26665914,11.14,23.12665914
GR,"Dec 25, 2021",33.46167534,0.21,33.25167534
TN,"Dec 12, 2021",33.25975649,32.69,0.56975649
PK,"Dec 4, 2021",33.18754768,24.49,8.69754768
NZ,"Dec 29, 2021",32.47866606,0.99,31.48866606
GR,"Dec 19, 2021",32.0883,0.93,31.1583
TH,"Dec 2, 2021",32.05534859,25.67,6.38534859
TR,"Dec 3, 2021",32.03296879,28.51,3.52296879
BG,"Dec 1, 2021",31.92501192,26.31,5.61501192
TR,"Dec 11, 2021",31.79912402,24.2,7.59912402
PH,"Dec 5, 2021",31.24533485,25.19,6.05533485
PR,"Dec 4, 2021",30.59449081,25.42,5.17449081
BA,"Dec 5, 2021",30.34018899,30.12,0.22018899
NG,"Dec 6, 2021",30.20011101,30.09,0.11011101
EG,"Dec 4, 2021",30.05076697,29.17,0.88076697
CZ,"Dec 12, 2021",29.37661617,2.37,27.00661617
IS,"Dec 3, 2021",29.3354889,10.95,18.3854889
PL,"Dec 28, 2021",29.27418717,2.85,26.42418717
BH,"Dec 10, 2021",29.10063212,28.55,0.55063212
GG,"Dec 3, 2021",28.90120091,27.47,1.43120091
LU,"Dec 16, 2021",28.82550364,0.31,28.51550364
BG,"Dec 3, 2021",28.69723849,20.11,8.58723849
CZ,"Dec 26, 2021",28.42493858,1.67,26.75493858
PL,"Dec 20, 2021",28.00765869,8.19,19.81765869
NZ,"Dec 18, 2021",27.88020182,5.42,22.46020182
MK,"Dec 4, 2021",27.58323203,0.83,26.75323203
PL,"Dec 25, 2021",27.34234595,3.89,23.45234595
PL,"Dec 11, 2021",27.28385805,4.71,22.57385805
PL,"Dec 31, 2021",27.0341,0.5,26.5341
TT,"Dec 4, 2021",26.7,26.7,0
PL,"Dec 22, 2021",26.67340273,0.58,26.09340273
EE,"Dec 1, 2021",26.40186697,24.31,2.09186697
PL,"Dec 16, 2021",26.38900273,5.14,21.24900273
GG,"Dec 1, 2021",26.28088899,25.29,0.99088899
PL,"Dec 17, 2021",26.27426497,8.11,18.16426497
CO,"Dec 29, 2021",26.27411101,21.76,4.51411101
MK,"Dec 3, 2021",26.23040355,2.01,24.22040355
GR,"Dec 15, 2021",25.86905596,4.84,21.02905596
SK,"Dec 6, 2021",25.7147616,11.4,14.3147616
CN,"Dec 6, 2021",25.43102111,24.44,0.99102111
CZ,"Dec 20, 2021",25.21569172,7.6,17.61569172
EG,"Dec 7, 2021",24.99972011,24.23,0.76972011
QA,"Dec 6, 2021",24.93045505,24.49,0.44045505
CO,"Dec 13, 2021",24.82897072,22.21,2.61897072
JO,"Dec 16, 2021",24.64,24.64,0
LT,"Dec 1, 2021",24.57413394,19.95,4.62413394
HR,"Dec 3, 2021",24.55279809,9.36,15.19279809
RO,"Dec 2, 2021",23.82987425,12.05,11.77987425
LU,"Dec 22, 2021",23.78123576,0.11,23.67123576
HR,"Dec 2, 2021",23.70079718,10.82,12.88079718
PH,"Dec 11, 2021",23.52459201,17.49,6.03459201
NG,"Dec 4, 2021",23.39018899,23.17,0.22018899
PR,"Dec 2, 2021",23.34304677,19.71,3.63304677
RO,"Dec 5, 2021",23.32485687,17.82,5.50485687
PK,"Dec 5, 2021",23.28475687,17.89,5.39475687
TH,"Dec 1, 2021",23.13275596,20.05,3.08275596
IS,"Dec 28, 2021",22.84027707,11.61,11.23027707
PL,"Dec 9, 2021",22.80915414,12.9,9.90915414
MY,"Dec 4, 2021",22.73449081,17.56,5.17449081
PL,"Dec 19, 2021",22.69,0.67,22.02
CZ,"Dec 16, 2021",22.61654677,4.12,18.49654677
PL,"Dec 21, 2021",22.44965778,0.54,21.90965778
PE,"Dec 2, 2021",22.37073394,21.49,0.88073394
CZ,"Dec 30, 2021",22.3693,1.12,21.2493
SI,"Dec 13, 2021",22.32934656,16.02,6.30934656
TR,"Dec 2, 2021",21.86350273,17.68,4.18350273
SK,"Dec 1, 2021",21.78462293,16.61,5.17462293
HR,"Dec 4, 2021",21.76357243,6.13,15.63357243
TR,"Dec 1, 2021",21.76344495,17.91,3.85344495
LU,"Dec 19, 2021",21.6896,0.11,21.5796
TH,"Dec 3, 2021",21.65612657,14.39,7.26612657
BH,"Dec 25, 2021",21.60031101,21.27,0.33031101
JE,"Dec 2, 2021",21.49285778,18.08,3.41285778
PE,"Dec 28, 2021",20.8806,20.22,0.6606
NZ,"Dec 17, 2021",20.82624568,0.13,20.69624568
KE,"Dec 5, 2021",20.76,20.76,0
LV,"Dec 2, 2021",20.74083394,19.75,0.99083394
PK,"Dec 3, 2021",20.41120091,18.98,1.43120091
PL,"Dec 12, 2021",20.40207427,1.6,18.80207427
NG,"Dec 5, 2021",20.33,20.33,0
LV,"Dec 3, 2021",20.2913899,18.64,1.6513899
LT,"Dec 15, 2021",20.25767798,11.78,8.47767798
GT,"Dec 4, 2021",20.20085596,19.21,0.99085596
PL,"Dec 8, 2021",20.15576488,10.03,10.12576488
VN,"Dec 6, 2021",20.11260828,17.58,2.53260828
CL,"Dec 5, 2021",19.99077798,19.11,0.88077798
CR,"Dec 6, 2021",19.98022202,19.76,0.22022202
PA,"Dec 17, 2021",19.93043394,19.38,0.55043394
NZ,"Dec 25, 2021",19.8387808,0.13,19.7087808
PL,"Dec 15, 2021",19.75616697,1.92,17.83616697
CL,"Dec 3, 2021",19.72036697,19.28,0.44036697
PK,"Dec 6, 2021",19.71306333,16.74,2.97306333
KH,"Dec 2, 2021",19.15045596,18.6,0.55045596
TH,"Dec 6, 2021",19.14612666,13.2,5.94612666
TH,"Dec 26, 2021",19.12611838,1.84,17.28611838
TT,"Dec 2, 2021",19.09,19.09,0
RO,"Dec 1, 2021",18.91275596,15.83,3.08275596
BG,"Dec 2, 2021",18.86941829,7.64,11.22941829
PL,"Dec 7, 2021",18.80422786,3.19,15.61422786
BG,"Dec 14, 2021",18.673,15.37,3.303
KW,"Dec 31, 2021",18.6137,3.53,15.0837
TH,"Dec 27, 2021",18.5762,0.74,17.8362
TR,"Dec 5, 2021",18.57223394,16.04,2.53223394
CY,"Dec 3, 2021",18.25027798,17.92,0.33027798
RO,"Dec 11, 2021",18.23839052,9.41,8.82839052
IQ,"Dec 1, 2021",18.10058899,17.44,0.66058899
SI,"Dec 2, 2021",17.95480364,12.23,5.72480364
DZ,"Dec 8, 2021",17.43125132,15.23,2.20125132
MT,"Dec 6, 2021",17.33601565,11.5,5.83601565
CZ,"Dec 7, 2021",16.84581084,5.52,11.32581084
MV,"Dec 4, 2021",16.7601,16.65,0.1101
CO,"Dec 8, 2021",16.4929384,11.32,5.1729384
LB,"Dec 12, 2021",16.43879346,13.59,2.84879346
SK,"Dec 5, 2021",16.42009172,4.97,11.45009172
LT,"Dec 16, 2021",16.2971899,8.26,8.0371899
IS,"Dec 1, 2021",16.14835687,6.79,9.35835687
BG,"Dec 27, 2021",16.1029,12.91,3.1929
PL,"Dec 13, 2021",15.96251062,3.82,12.14251062
TH,"Dec 22, 2021",15.49553394,9.33,6.16553394
PH,"Dec 2, 2021",15.33341374,11.26,4.07341374
EG,"Dec 2, 2021",15.27018899,15.05,0.22018899
HU,"Dec 4, 2021",15.22841465,5.54,9.68841465
KW,"Dec 30, 2021",15.0082,5.98,9.0282
EG,"Dec 6, 2021",14.63022202,14.41,0.22022202
RO,"Dec 3, 2021",14.12862839,3.89,10.23862839
SK,"Dec 31, 2021",14.0319,0.93,13.1019
SV,"Dec 1, 2021",14.03068899,13.26,0.77068899
SI,"Dec 4, 2021",13.9222899,11.28,2.6422899
PH,"Dec 12, 2021",13.82041045,10.06,3.76041045
PH,"Dec 6, 2021",13.64998908,3.96,9.68998908
QA,"Dec 12, 2021",13.39346648,12.14,1.25346648
PK,"Dec 1, 2021",13.35097798,12.25,1.10097798
CR,"Dec 26, 2021",13.2102,12.99,0.2202
UA,"Dec 9, 2021",12.99548808,7.05,5.94548808
LT,"Dec 28, 2021",12.98685505,5.5,7.48685505
BG,"Dec 6, 2021",12.98442848,8.69,4.29442848
ID,"Dec 3, 2021",12.92046697,12.37,0.55046697
LT,"Dec 14, 2021",12.7969,5.2,7.5969
HR,"Dec 10, 2021",12.75710837,6.59,6.16710837
KW,"Dec 19, 2021",12.4244,7.58,4.8444
MY,"Dec 8, 2021",12.41199991,8.89,3.52199991
PH,"Dec 4, 2021",12.39918162,1.83,10.56918162
MC,"Dec 17, 2021",12.29431738,6.79,5.50431738
SI,"Dec 3, 2021",12.20333576,8.24,3.96333576
SI,"Dec 9, 2021",12.08528808,6.36,5.72528808
LT,"Dec 13, 2021",12.02501442,3.93,8.09501442
PR,"Dec 3, 2021",12.02074495,11.14,0.88074495
TH,"Dec 4, 2021",11.89611374,4.85,7.04611374
MY,"Dec 31, 2021",11.8597,1.18,10.6797
TH,"Dec 12, 2021",11.81962537,1.45,10.36962537
KW,"Dec 5, 2021",11.81815778,2.57,9.24815778
LT,"Dec 25, 2021",11.70017343,1.02,10.68017343
TH,"Dec 19, 2021",11.6605,0.1,11.5605
PH,"Dec 21, 2021",11.65937889,1.2,10.45937889
RO,"Dec 16, 2021",11.48581192,4.99,6.49581192
ZA,"Dec 5, 2021",11.48145596,9.83,1.65145596
BG,"Dec 4, 2021",11.44544677,5.17,6.27544677
BG,"Dec 23, 2021",11.44221101,9.02,2.42221101
SK,"Dec 18, 2021",11.39951192,0.83,10.56951192
PH,"Dec 1, 2021",11.36304495,7.95,3.41304495
GH,"Dec 4, 2021",11.3601,11.25,0.1101
EE,"Dec 28, 2021",11.31463303,6.25,5.06463303
CY,"Dec 16, 2021",11.2601,11.15,0.1101
PH,"Dec 25, 2021",11.00038444,0.1,10.90038444
PR,"Dec 1, 2021",10.88048899,10.33,0.55048899
SK,"Dec 16, 2021",10.73895687,0.72,10.01895687
SK,"Dec 15, 2021",10.70708899,2.89,7.81708899
TN,"Dec 7, 2021",10.66975223,10.01,0.65975223
GG,"Dec 5, 2021",10.62340091,6.77,3.85340091
ID,"Dec 5, 2021",10.59028899,10.26,0.33028899
MY,"Dec 15, 2021",10.54897798,0.64,9.90897798
UA,"Dec 7, 2021",10.46768472,4.2,6.26768472
PH,"Dec 3, 2021",10.38491465,4.55,5.83491465
AR,"Dec 5, 2021",10.32533485,4.27,6.05533485
KW,"Dec 17, 2021",10.27362748,5.65,4.62362748
RU,"Dec 3, 2021",10.09,10.09,0
MY,"Dec 16, 2021",9.92846788,0.46,9.46846788
LT,"Dec 26, 2021",9.85544313,4.02,5.83544313
VE,"Dec 6, 2021",9.85034404,9.52,0.33034404
LT,"Dec 4, 2021",9.84430182,4.89,4.95430182
JO,"Dec 3, 2021",9.79,9.79,0
MT,"Dec 22, 2021",9.77345596,5.92,3.85345596
PE,"Dec 5, 2021",9.68038899,9.24,0.44038899
DZ,"Dec 26, 2021",9.67893121,0.1,9.57893121
AR,"Dec 25, 2021",9.66293212,6.58,3.08293212
UA,"Dec 12, 2021",9.56639139,1.02,8.54639139
PH,"Dec 14, 2021",9.5169,1.92,7.5969
TZ,"Dec 20, 2021",9.42,9.42,0
EE,"Dec 13, 2021",9.2098612,4.21,4.9998612
BG,"Dec 19, 2021",9.1816,7.42,1.7616
HU,"Dec 28, 2021",9.05524404,3.33,5.72524404
RS,"Dec 13, 2021",8.97044524,7.78,1.19044524
FJ,"Dec 5, 2021",8.87,8.87,0
MY,"Dec 13, 2021",8.82787204,1.09,7.73787204
TH,"Dec 13, 2021",8.79022603,0.1,8.69022603
PK,"Dec 2, 2021",8.7312899,7.19,1.5412899
PE,"Dec 1, 2021",8.72068899,7.95,0.77068899
TH,"Dec 20, 2021",8.69530091,2.75,5.94530091
BG,"Dec 18, 2021",8.63237798,5.99,2.64237798
LT,"Dec 3, 2021",8.60593758,1.56,7.04593758
MC,"Dec 18, 2021",8.42415596,3.8,4.62415596
RS,"Dec 11, 2021",8.34510101,1.64,6.70510101
UA,"Dec 16, 2021",8.32393394,3.92,4.40393394
PH,"Dec 29, 2021",8.31732202,0.28,8.03732202
CL,"Dec 7, 2021",8.28972011,7.52,0.76972011
HR,"Dec 5, 2021",8.23494586,2.62,5.61494586
SK,"Dec 30, 2021",8.2271,0.41,7.8171
LK,"Dec 2, 2021",8.14064495,7.37,0.77064495
RO,"Dec 28, 2021",8.12494404,2.73,5.39494404
MT,"Dec 4, 2021",8.10496879,2.38,5.72496879
CO,"Dec 6, 2021",8.03658171,1.65,6.38658171
AR,"Dec 26, 2021",7.95708717,0.36,7.59708717
MY,"Dec 21, 2021",7.95523394,2.12,5.83523394
LT,"Dec 24, 2021",7.8849,2.49,5.3949
HU,"Dec 3, 2021",7.86528162,1.59,6.27528162
JE,"Dec 26, 2021",7.80472111,2.74,5.06472111
HN,"Dec 2, 2021",7.79,7.79,0
VN,"Dec 4, 2021",7.58133394,6.04,1.54133394
TH,"Dec 7, 2021",7.46727544,0.1,7.36727544
JM,"Dec 3, 2021",7.44027798,7.11,0.33027798
HU,"Dec 5, 2021",7.38126697,5.95,1.43126697
CY,"Dec 2, 2021",7.36,7.36,0
MT,"Dec 7, 2021",7.32796461,1.83,5.49796461
TH,"Dec 23, 2021",7.21392202,2.92,4.29392202
NI,"Dec 6, 2021",7.21011101,7.1,0.11011101
LK,"Dec 5, 2021",7.18018899,6.96,0.22018899
JM,"Dec 4, 2021",7.15143394,5.5,1.65143394
ID,"Dec 6, 2021",7.08022202,6.86,0.22022202
EE,"Dec 6, 2021",7.03227525,4.83,2.20227525
DZ,"Dec 16, 2021",6.97591192,0.37,6.60591192
AR,"Dec 17, 2021",6.97440637,1.36,5.61440637
LV,"Dec 4, 2021",6.85181192,4.76,2.09181192
CO,"Dec 1, 2021",6.83196697,4.63,2.20196697
ID,"Dec 30, 2021",6.7741,2.26,4.5141
MT,"Dec 27, 2021",6.7725,4.02,2.7525
MY,"Dec 11, 2021",6.69634351,0.55,6.14634351
EG,"Dec 3, 2021",6.65399172,1.92,4.73399172
DZ,"Dec 25, 2021",6.62587525,0.46,6.16587525
RO,"Dec 27, 2021",6.5841,2.07,4.5141
RO,"Dec 12, 2021",6.56573743,1.21,5.35573743
PE,"Dec 14, 2021",6.5404,6.1,0.4404
TH,"Dec 14, 2021",6.4657,0.19,6.2757
PH,"Dec 19, 2021",6.4346,1.37,5.0646
NP,"Dec 16, 2021",6.43068899,5.66,0.77068899
PH,"Dec 9, 2021",6.26244404,3.62,2.64244404
EE,"Dec 12, 2021",6.24831745,2.26,3.98831745
KH,"Dec 3, 2021",6.24064495,5.47,0.77064495
JM,"Dec 6, 2021",6.19034404,5.86,0.33034404
ID,"Dec 13, 2021",6.17713137,5.82,0.35713137
AR,"Dec 1, 2021",6.17157798,4.41,1.76157798
DZ,"Dec 3, 2021",6.10444768,0.82,5.28444768
RS,"Dec 14, 2021",6.0408,5.16,0.8808
SK,"Dec 26, 2021",5.94389909,1.76,4.18389909
MV,"Dec 27, 2021",5.9204,5.48,0.4404
LB,"Dec 28, 2021",5.82091101,4.83,0.99091101
ID,"Dec 8, 2021",5.75006697,5.64,0.11006697
DZ,"Dec 14, 2021",5.7343,1,4.7343
ID,"Dec 26, 2021",5.71523212,0.1,5.61523212
HU,"Dec 7, 2021",5.70906306,3.18,2.52906306
SV,"Dec 2, 2021",5.69036697,5.25,0.44036697
AR,"Dec 15, 2021",5.60478899,0.32,5.28478899
ZA,"Dec 26, 2021",5.60389909,1.42,4.18389909
DZ,"Dec 24, 2021",5.5949,0.2,5.3949
LT,"Dec 23, 2021",5.57402202,1.17,4.40402202
SI,"Dec 8, 2021",5.56182102,2.37,3.19182102
NI,"Dec 1, 2021",5.5603,5.23,0.3303
DZ,"Dec 28, 2021",5.50212202,3.19,2.31212202
DO,"Dec 5, 2021",5.38038899,4.94,0.44038899
KE,"Dec 2, 2021",5.37,5.37,0
QA,"Dec 3, 2021",5.35166788,3.37,1.98166788
ID,"Dec 2, 2021",5.34027798,5.01,0.33027798
CO,"Dec 4, 2021",5.30372384,1.01,4.29372384
LK,"Dec 1, 2021",5.29107798,4.08,1.21107798
BG,"Dec 12, 2021",5.24460746,1.94,3.30460746
ID,"Dec 27, 2021",5.2436,1.28,3.9636
LV,"Dec 25, 2021",5.24273212,2.38,2.86273212
GE,"Dec 1, 2021",5.1701,5.06,0.1101
AR,"Dec 6, 2021",5.11238626,2.8,2.31238626
AM,"Dec 1, 2021",5.1102,4.89,0.2202
CN,"Dec 21, 2021",5.1004,4.66,0.4404
LV,"Dec 26, 2021",4.99348808,1.25,3.74348808
HU,"Dec 12, 2021",4.98598094,0.2,4.78598094
PE,"Dec 21, 2021",4.9304,4.49,0.4404
CY,"Dec 5, 2021",4.88018899,4.66,0.22018899
LK,"Dec 20, 2021",4.81127798,3.38,1.43127798
AZ,"Dec 7, 2021",4.76991374,4.55,0.21991374
AM,"Dec 5, 2021",4.71018899,4.49,0.22018899
DZ,"Dec 23, 2021",4.68402202,0.28,4.40402202
NG,"Dec 8, 2021",4.6701899,4.34,0.3301899
KE,"Dec 4, 2021",4.5101,4.4,0.1101
BH,"Dec 2, 2021",4.46092293,3.36,1.10092293
CO,"Dec 16, 2021",4.40295596,1.1,3.30295596
JM,"Dec 1, 2021",4.3701,4.26,0.1101
VN,"Dec 8, 2021",4.30074859,2.98,1.32074859
BN,"Dec 19, 2021",4.3005,3.75,0.5505
IQ,"Dec 4, 2021",4.21,4.21,0
VN,"Dec 3, 2021",4.13111192,2.81,1.32111192
VN,"Dec 10, 2021",4.12165232,2.69,1.43165232
NI,"Dec 5, 2021",4.08028899,3.75,0.33028899
TT,"Dec 7, 2021",4.05991374,3.84,0.21991374
CY,"Dec 6, 2021",4.02011101,3.91,0.11011101
ZA,"Dec 9, 2021",3.95274404,0.98,2.97274404
VN,"Dec 5, 2021",3.94135596,2.4,1.54135596
UY,"Dec 15, 2021",3.75,3.75,0
NP,"Dec 5, 2021",3.60252293,0.74,2.86252293
LV,"Dec 12, 2021",3.59557049,2.57,1.02557049
PE,"Dec 6, 2021",3.59011101,3.48,0.11011101
CI,"Dec 15, 2021",3.56,3.56,0
NG,"Dec 2, 2021",3.45036697,3.01,0.44036697
HR,"Dec 19, 2021",3.3721,1.06,2.3121
LT,"Dec 9, 2021",3.28294404,0.09,3.19294404
DZ,"Dec 17, 2021",3.28242566,0.2,3.08242566
ZW,"Dec 6, 2021",3.21,3.21,0
DZ,"Dec 15, 2021",3.0823,0.55,2.5323
LV,"Dec 7, 2021",3.06947234,1.64,1.42947234
CN,"Dec 14, 2021",2.99,2.99,0
BO,"Dec 1, 2021",2.89038899,2.45,0.44038899
ZA,"Dec 14, 2021",2.8624,0.22,2.6424
CO,"Dec 3, 2021",2.81213485,0.28,2.53213485
MM,"Dec 3, 2021",2.74130091,1.2,1.54130091
OM,"Dec 28, 2021",2.7405,2.19,0.5505
VN,"Dec 7, 2021",2.68947234,1.26,1.42947234
NG,"Dec 25, 2021",2.67063303,2.01,0.66063303
ML,"Dec 2, 2021",2.57008899,2.46,0.11008899
CL,"Dec 15, 2021",2.4703,2.14,0.3303
CL,"Dec 6, 2021",2.3509101,1.47,0.8809101
AM,"Dec 4, 2021",2.29,2.29,0
CO,"Dec 22, 2021",2.28187798,0.19,2.09187798
NG,"Dec 3, 2021",2.23008899,2.12,0.11008899
PE,"Dec 31, 2021",2.1805,1.63,0.5505
CN,"Dec 9, 2021",2.10061101,1.44,0.66061101
CY,"Dec 11, 2021",2.087006,1.64,0.447006
XK,"Dec 29, 2021",2.0201,1.91,0.1101
BO,"Dec 30, 2021",1.9808,1.1,0.8808
VN,"Dec 30, 2021",1.9716,0.21,1.7616
LK,"Dec 19, 2021",1.9607,1.19,0.7707
NP,"Dec 6, 2021",1.95125414,0.74,1.21125414
MU,"Dec 3, 2021",1.94008899,1.83,0.11008899
CN,"Dec 3, 2021",1.9,1.9,0
GT,"Dec 27, 2021",1.8209,0.83,0.9909
CN,"Dec 15, 2021",1.7805,1.23,0.5505
LV,"Dec 23, 2021",1.75141101,0.21,1.54141101
BO,"Dec 31, 2021",1.741,0.64,1.101
XK,"Dec 1, 2021",1.7401,1.63,0.1101
LR,"Dec 1, 2021",1.7401,1.63,0.1101
MU,"Dec 2, 2021",1.73,1.73,0
CL,"Dec 28, 2021",1.72121101,0.4,1.32121101
EC,"Dec 31, 2021",1.6606,1,0.6606
KZ,"Dec 11, 2021",1.6517515,1.54,0.1117515
CL,"Dec 9, 2021",1.63091101,0.64,0.99091101
GT,"Dec 15, 2021",1.6012,0.28,1.3212
CY,"Dec 31, 2021",1.5906,0.93,0.6606
KE,"Dec 10, 2021",1.56012202,1.45,0.11012202
BO,"Dec 17, 2021",1.34025596,1.01,0.33025596
LY,"Dec 23, 2021",1.2805,0.73,0.5505
GH,"Dec 2, 2021",1.22018899,1,0.22018899
XK,"Dec 13, 2021",1.21904012,1.1,0.11904012
CR,"Dec 23, 2021",1.2101,1.1,0.1101
PE,"Dec 23, 2021",1.18091101,0.19,0.99091101
ID,"Dec 4, 2021",1.18037798,0.74,0.44037798
SC,"Dec 11, 2021",1.18,1.18,0
VE,"Dec 10, 2021",1.10063212,0.55,0.55063212
TC,"Dec 23, 2021",1.0804,0.64,0.4404
CY,"Dec 17, 2021",1.06034495,0.62,0.44034495
RS,"Dec 16, 2021",0.99078899,0.11,0.88078899
VN,"Dec 24, 2021",0.9408,0.06,0.8808
LB,"Dec 22, 2021",0.92048899,0.37,0.55048899
ID,"Dec 12, 2021",0.87370999,0.19,0.68370999
ET,"Dec 5, 2021",0.8501,0.74,0.1101
MU,"Dec 22, 2021",0.8401,0.73,0.1101
PA,"Dec 20, 2021",0.83,0.83,0
MV,"Dec 19, 2021",0.83,0.83,0
ID,"Dec 17, 2021",0.70025596,0.37,0.33025596
TT,"Dec 1, 2021",0.65,0.65,0
EC,"Dec 4, 2021",0.5701,0.46,0.1101
MU,"Dec 24, 2021",0.3202,0.1,0.2202
KE,"Dec 29, 2021",0.28,0.28,0
HN,"Dec 27, 2021",0.2101,0.1,0.1101
KE,"Dec 26, 2021",0.19,0.19,0
GI,"Dec 20, 2021",0.1,0.1,0
CI,"Dec 30, 2021",0.1,0.1,0
JM,"Dec 28, 2021",0.1,0.1,0
CR,"Dec 22, 2021",0.1,0.1,0
TC,"Dec 25, 2021",null,1.19,null
TG,"Dec 20, 2021",null,0.46,null
ZW,"Dec 4, 2021",null,9.97,null
SC,"Dec 1, 2021",null,17.67,null
SN,"Dec 21, 2021",null,0.1,null
LC,"Dec 2, 2021",null,8.61,null
RW,"Dec 23, 2021",null,1.1,null
RU,"Dec 31, 2021",null,0.08,null
RU,"Dec 22, 2021",null,0.4,null
RU,"Dec 21, 2021",null,0.28,null
RU,"Dec 20, 2021",null,2.52,null
RU,"Dec 19, 2021",null,3.55,null
RU,"Dec 15, 2021",null,5.02,null
RU,"Dec 14, 2021",null,2.79,null
RU,"Dec 10, 2021",null,11.82,null
RU,"Dec 9, 2021",null,10.88,null
RU,"Dec 8, 2021",null,2.59,null
RU,"Dec 6, 2021",null,11.51,null
RU,"Dec 2, 2021",null,9.01,null
RU,"Dec 1, 2021",null,4.63,null
QA,"Dec 8, 2021",null,38.33,null
QA,"Dec 1, 2021",null,86,null
NC,"Dec 31, 2021",null,0.11,null
BQ,"Dec 4, 2021",null,1.19,null
MZ,"Dec 4, 2021",null,6.22,null
MQ,"Dec 15, 2021",null,3.93,null
JM,"Dec 19, 2021",null,13.7,null
IR,"Dec 25, 2021",null,0.46,null
IN,"Dec 6, 2021",null,420.51,null
IN,"Dec 5, 2021",null,388.28,null
IN,"Dec 4, 2021",null,310.5,null
IN,"Dec 3, 2021",null,426.02,null
IN,"Dec 2, 2021",null,522.67,null
IN,"Dec 1, 2021",null,472.36,null
GP,"Dec 28, 2021",null,0.11,null
DM,"Dec 5, 2021",null,3.3,null
CN,"Dec 1, 2021",null,3.57,null
BB,"Dec 16, 2021",null,1.81,null
BB,"Dec 11, 2021",null,0.55,null
BD,"Dec 6, 2021",null,0.83,null
BD,"Dec 5, 2021",null,3.76,null
BD,"Dec 3, 2021",null,2.75,null
BD,"Dec 2, 2021",null,6.17,null
BH,"Dec 13, 2021",null,7.35,null
BS,"Dec 11, 2021",null,5.08,null
AG,"Dec 12, 2021",null,9.78,null
AD,"Dec 1, 2021",null,3.39,null
